"id","cfdi_type","sat_code","payroll_code","name","is_taxable"
"l10n_mx_concept_d1","deduction","001","D01","Social Security",""
"l10n_mx_concept_d2","deduction","002","D02","Income Tax",""
"l10n_mx_concept_d2_2","deduction","002","D02_2","Income Tax",""
"l10n_mx_concept_d2_3","deduction","002","D02_3","Income Tax Holiday Bonus",""
"l10n_mx_concept_d3","deduction","003","D03","Retirement, Unemployment in Old Age, and Old Age Contributions",""
"l10n_mx_concept_d4","deduction","004","D04","Others",""
"l10n_mx_concept_d4_2","deduction","004","D04_2","Saving Funds - Employee",""
"l10n_mx_concept_d4_3","deduction","004","D04_3","Saving Funds - Employer",""
"l10n_mx_concept_d4_4","deduction","004","D04_4","Canteen",""
"l10n_mx_concept_d5","deduction","005","D05","Housing Fund Contributions",""
"l10n_mx_concept_d6","deduction","006","D06","Disability Deduction",""
"l10n_mx_concept_d7","deduction","007","D07","Alimony",""
"l10n_mx_concept_d8","deduction","008","D08","Rent",""
"l10n_mx_concept_d9","deduction","009","D09","Loans from the National Housing Fund for Workers",""
"l10n_mx_concept_d10","deduction","010","D10","Housing Credit Payment",""
"l10n_mx_concept_d11","deduction","011","D11","INFONACOT Installment Payments",""
"l10n_mx_concept_d12","deduction","012","D12","Salary Advance",""
"l10n_mx_concept_d13","deduction","013","D13","Overpayments to the Worker",""
"l10n_mx_concept_d14","deduction","014","D14","Errors",""
"l10n_mx_concept_d15","deduction","015","D15","Losses",""
"l10n_mx_concept_d16","deduction","016","D16","Damages",""
"l10n_mx_concept_d17","deduction","017","D17","Purchase of Items Produced by the Company or Establishment",""
"l10n_mx_concept_d18","deduction","018","D18","Contributions for the Establishment and Promotion of Cooperatives and Savings Funds",""
"l10n_mx_concept_d19","deduction","019","D19","Union Dues",""
"l10n_mx_concept_d20","deduction","020","D20","Absence (Absenteeism)",""
"l10n_mx_concept_d21","deduction","021","D21","Worker-Employer Contributions",""
"l10n_mx_concept_d22","deduction","022","D22","Local Taxes",""
"l10n_mx_concept_d23","deduction","023","D23","Voluntary Contributions",""
"l10n_mx_concept_d24","deduction","024","D24","Adjustment in Annual Bonus (Aguinaldo) Exempt",""
"l10n_mx_concept_d25","deduction","025","D25","Adjustment in Annual Bonus (Aguinaldo) Taxable",""
"l10n_mx_concept_d26","deduction","026","D26","Adjustment in Employee Profit Sharing (PTU) Exempt",""
"l10n_mx_concept_d27","deduction","027","D27","Adjustment in Employee Profit Sharing (PTU) Taxable",""
"l10n_mx_concept_d28","deduction","028","D28","Adjustment in Medical,Dental,and Hospital Expense Reimbursement Exempt",""
"l10n_mx_concept_d29","deduction","029","D29","Adjustment in Savings Fund Exempt",""
"l10n_mx_concept_d30","deduction","030","D30","Adjustment in Savings Box Exempt",""
"l10n_mx_concept_d31","deduction","031","D31","Adjustment in Worker's Contributions Paid by the Employer Exempt",""
"l10n_mx_concept_d32","deduction","032","D32","Adjustment in Punctuality Bonuses Taxable",""
"l10n_mx_concept_d33","deduction","033","D33","Adjustment in Life Insurance Premium Exempt",""
"l10n_mx_concept_d34","deduction","034","D34","Adjustment in Major Medical Insurance Exempt",""
"l10n_mx_concept_d35","deduction","035","D35","Adjustment in Union Dues Paid by the Employer Exempt",""
"l10n_mx_concept_d36","deduction","036","D36","Adjustment in Disability Subsidies Exempt",""
"l10n_mx_concept_d37","deduction","037","D37","Adjustment in Scholarships for Workers and/or Children Exempt",""
"l10n_mx_concept_d38","deduction","038","D38","Adjustment in Overtime Exempt",""
"l10n_mx_concept_d39","deduction","039","D39","Adjustment in Overtime Taxable",""
"l10n_mx_concept_d40","deduction","040","D40","Adjustment in Sunday Premium Exempt",""
"l10n_mx_concept_d41","deduction","041","D41","Adjustment in Sunday Premium Taxable",""
"l10n_mx_concept_d42","deduction","042","D42","Adjustment in Vacation Premium Exempt",""
"l10n_mx_concept_d43","deduction","043","D43","Adjustment in Vacation Premium Taxable",""
"l10n_mx_concept_d44","deduction","044","D44","Adjustment in Seniority Premium Exempt",""
"l10n_mx_concept_d45","deduction","045","D45","Adjustment in Seniority Premium Taxable",""
"l10n_mx_concept_d46","deduction","046","D46","Adjustment in Severance Payments Exempt",""
"l10n_mx_concept_d47","deduction","047","D47","Adjustment in Severance Payments Taxable",""
"l10n_mx_concept_d48","deduction","048","D48","Adjustment in Retirement Insurance Exempt",""
"l10n_mx_concept_d49","deduction","049","D49","Adjustment in Indemnities Exempt",""
"l10n_mx_concept_d50","deduction","050","D50","Adjustment in Indemnities Taxable",""
"l10n_mx_concept_d51","deduction","051","D51","Adjustment in Funeral Reimbursement Exempt",""
"l10n_mx_concept_d52","deduction","052","D52","Adjustment in Social Security Contributions Paid by Employer Exempt",""
"l10n_mx_concept_d53","deduction","053","D53","Adjustment in Commissions Taxable",""
"l10n_mx_concept_d54","deduction","054","D54","Adjustment in Food Vouchers Exempt",""
"l10n_mx_concept_d55","deduction","055","D55","Adjustment in Restaurant Vouchers Exempt",""
"l10n_mx_concept_d56","deduction","056","D56","Adjustment in Gasoline Vouchers Exempt",""
"l10n_mx_concept_d57","deduction","057","D57","Adjustment in Clothing Vouchers Exempt",""
"l10n_mx_concept_d58","deduction","058","D58","Adjustment in Rent Assistance Exempt",""
"l10n_mx_concept_d59","deduction","059","D59","Adjustment in School Supplies Assistance Exempt",""
"l10n_mx_concept_d60","deduction","060","D60","Adjustment in Eyeglasses Assistance Exempt",""
"l10n_mx_concept_d61","deduction","061","D61","Adjustment in Transportation Assistance Exempt",""
"l10n_mx_concept_d62","deduction","062","D62","Adjustment in Funeral Expense Assistance Exempt",""
"l10n_mx_concept_d63","deduction","063","D63","Adjustment in Other Salary Income Exempt",""
"l10n_mx_concept_d64","deduction","064","D64","Adjustment in Other Salary Income Taxable",""
"l10n_mx_concept_d65","deduction","065","D65","Adjustment in Lump-Sum Retirement Pensions Exempt",""
"l10n_mx_concept_d66","deduction","066","D66","Adjustment in Lump-Sum Retirement Pensions Taxable",""
"l10n_mx_concept_d67","deduction","067","D67","Adjustment in Severance Payments Cumulative",""
"l10n_mx_concept_d68","deduction","068","D68","Adjustment in Severance Payments Non-Cumulative",""
"l10n_mx_concept_d69","deduction","069","D69","Adjustment in Partial Retirement Pensions Exempt",""
"l10n_mx_concept_d70","deduction","070","D70","Adjustment in Partial Retirement Pensions Taxable",""
"l10n_mx_concept_d71","deduction","071","D71","Adjustment in Employment Subsidy (Effectively Delivered to the Worker)",""
"l10n_mx_concept_d72","deduction","072","D72","Adjustment in Income from Stocks or Securities Representing Assets Exempt",""
"l10n_mx_concept_d73","deduction","073","D73","Adjustment in Income from Stocks or Securities Representing Assets Taxable",""
"l10n_mx_concept_d74","deduction","074","D74","Adjustment in Food Exempt",""
"l10n_mx_concept_d75","deduction","075","D75","Adjustment in Food Taxable",""
"l10n_mx_concept_d76","deduction","076","D76","Adjustment in Housing Exempt",""
"l10n_mx_concept_d77","deduction","077","D77","Adjustment in Housing Taxable",""
"l10n_mx_concept_d78","deduction","078","D78","Adjustment in Attendance Bonuses",""
"l10n_mx_concept_d79","deduction","079","D79","Adjustment in Payments Not Listed and Not Considered as Income from Salaries or Assimilated Income",""
"l10n_mx_concept_d80","deduction","080","D80","Adjustment in Taxable Per Diems",""
"l10n_mx_concept_d81","deduction","081","D81","Adjustment in Per Diems (Provided to the Worker)",""
"l10n_mx_concept_d82","deduction","082","D82","Adjustment in Savings Fund Taxable",""
"l10n_mx_concept_d83","deduction","083","D83","Adjustment in Savings Box Taxable",""
"l10n_mx_concept_d84","deduction","084","D84","Adjustment in Life Insurance Premium Taxable",""
"l10n_mx_concept_d85","deduction","085","D85","Adjustment in Major Medical Insurance Taxable",""
"l10n_mx_concept_d86","deduction","086","D86","Adjustment in Disability Subsidies Taxable",""
"l10n_mx_concept_d87","deduction","087","D87","Adjustment in Scholarships for Workers and/or Children Taxable",""
"l10n_mx_concept_d88","deduction","088","D88","Adjustment in Retirement Insurance Taxable",""
"l10n_mx_concept_d89","deduction","089","D89","Adjustment in Food Vouchers Taxable",""
"l10n_mx_concept_d90","deduction","090","D90","Adjustment in Restaurant Vouchers Taxable",""
"l10n_mx_concept_d91","deduction","091","D91","Adjustment in Gasoline Vouchers Taxable",""
"l10n_mx_concept_d92","deduction","092","D92","Adjustment in Clothing Vouchers Taxable",""
"l10n_mx_concept_d93","deduction","093","D93","Adjustment in Rent Assistance Taxable",""
"l10n_mx_concept_d94","deduction","094","D94","Adjustment in School Supplies Assistance Taxable",""
"l10n_mx_concept_d95","deduction","095","D95","Adjustment in Eyeglass Assistance Taxable",""
"l10n_mx_concept_d96","deduction","096","D96","Adjustment in Transportation Assistance Taxable",""
"l10n_mx_concept_d97","deduction","097","D97","Adjustment in Funeral Expense Assistance Taxable",""
"l10n_mx_concept_d98","deduction","098","D98","Adjustment to Income Assimilated to Taxable Salaries",""
"l10n_mx_concept_d99","deduction","099","D99","Adjustment to Income from Taxable Salaries and Wages",""
"l10n_mx_concept_d100","deduction","100","D100","Adjustment in Exempt Per Diems",""
"l10n_mx_concept_d101","deduction","101","D101","Income Tax Withheld from Previous Year",""
"l10n_mx_concept_d102","deduction","102","D102","Adjustment to Payments for Bonuses,Premiums,Compensations,Rewards,or Others to Former Employees Derived from Partial Retirement",""
"l10n_mx_concept_d103","deduction","103","D103","Adjustment to Payments Made to Former Employees Receiving Partial Retirement Due to the Execution of a Court Resolution or Award",""
"l10n_mx_concept_d104","deduction","104","D104","Adjustment to Payments Made to Former Employees Receiving Partial Retirement Due to the Execution of a Court Resolution or Award",""
"l10n_mx_concept_d105","deduction","105","D105","Adjustment to Payments Made to Former Employees Receiving Lump-Sum Retirement Due to the Execution of a Court Resolution or Award",""
"l10n_mx_concept_d106","deduction","106","D106","Adjustment to Payments Made to Former Employees Receiving Lump-Sum Retirement Due to the Execution of a Court Resolution or Award",""
"l10n_mx_concept_d107","deduction","107","D107","Adjustment to the Subsidy Caused",""
"l10n_mx_concept_d108","deduction","108","D108","Adjustment to Worked Rest Days Taxable",""
"l10n_mx_concept_d109","deduction","109","D109","Adjustment to Worked Rest Days Exempt",""
"l10n_mx_concept_d110","deduction","110","D110","Adjustment to Worked Mandatory Rest Days Taxable",""
"l10n_mx_concept_d111","deduction","111","D111","Adjustment to Worked Mandatory Rest Days Exempt",""
"l10n_mx_concept_d112","deduction","112","D112","Adjustment to Social Welfare Benefits, Art. 93 Sections VIII and IX LISR Taxable",""
"l10n_mx_concept_d113","deduction","113","D113","Adjustment to Social Welfare Benefits, Art. 93 Sections VIII and IX LISR Exempt",""
"l10n_mx_concept_d114","deduction","114","D114","Adjustment to Awards for Scientific, Artistic, Literary Contests or Granted by the Federation Art 93 Section XXIV LISR Taxable",""
"l10n_mx_concept_d115","deduction","115","D115","Adjustment to Awards for Scientific, Artistic, Literary Contests or Granted by the Federation Art 93 Section XXIV LISR Exempt",""
"l10n_mx_concept_p1","perception","001","P01","Salaries, Wages, Stripes, and Day Labor","True"
"l10n_mx_concept_p1_2","perception","001","P01_2","Vacations","True"
"l10n_mx_concept_p1_3","perception","001","P01_3","Seventh Day","True"
"l10n_mx_concept_p2","perception","002","P02","Annual Bonus (Aguinaldo)","True"
"l10n_mx_concept_p3","perception","003","P03","Employee Profit Sharing (PTU)","True"
"l10n_mx_concept_p4","perception","004","P04","Reimbursement of Medical, Dental, and Hospital Expenses","True"
"l10n_mx_concept_p5","perception","005","P05","Savings Fund","False"
"l10n_mx_concept_p6","perception","006","P06","Savings Box","True"
"l10n_mx_concept_p9","perception","009","P09","Worker's Contributions Paid by the Employer","True"
"l10n_mx_concept_p10","perception","010","P10","Punctuality Bonuses","True"
"l10n_mx_concept_p11","perception","011","P11","Life Insurance Premium","True"
"l10n_mx_concept_p12","perception","012","P12","Major Medical Insurance","True"
"l10n_mx_concept_p13","perception","013","P13","Union Dues Paid by the Employer","True"
"l10n_mx_concept_p14","perception","014","P14","Disability Subsidies","True"
"l10n_mx_concept_p15","perception","015","P15","Scholarships for Workers and/or Children","True"
"l10n_mx_concept_p19","perception","019","P19","Overtime","True"
"l10n_mx_concept_p20","perception","020","P20","Sunday Premium","True"
"l10n_mx_concept_p21","perception","021","P21","Vacation Premium","True"
"l10n_mx_concept_p21_2","perception","021","P21_2","Vacation Premium (Non-taxable)","False"
"l10n_mx_concept_p22","perception","022","P22","Seniority Premium","True"
"l10n_mx_concept_p23","perception","023","P23","Severance Payments","True"
"l10n_mx_concept_p24","perception","024","P24","Retirement Insurance","True"
"l10n_mx_concept_p25","perception","025","P25","Indemnities","True"
"l10n_mx_concept_p26","perception","026","P26","Funeral Reimbursement","True"
"l10n_mx_concept_p27","perception","027","P27","Social Security Contributions Paid by the Employer","True"
"l10n_mx_concept_p28","perception","028","P28","Commissions","True"
"l10n_mx_concept_p29","perception","029","P29","Food Vouchers","True"
"l10n_mx_concept_p29_2","perception","029","P29_2","Food Vouchers (Non-taxable)","False"
"l10n_mx_concept_p30","perception","030","P30","Restaurant Vouchers","True"
"l10n_mx_concept_p31","perception","031","P31","Gasoline Vouchers","True"
"l10n_mx_concept_p31_2","perception","031","P31_2","Gasoline Vouchers (Non-taxable)","False"
"l10n_mx_concept_p32","perception","032","P32","Clothing Vouchers","True"
"l10n_mx_concept_p33","perception","033","P33","Rent Assistance","True"
"l10n_mx_concept_p34","perception","034","P34","School Supplies Assistance","True"
"l10n_mx_concept_p35","perception","035","P35","Eyeglasses Assistance","True"
"l10n_mx_concept_p36","perception","036","P36","Transportation Assistance","True"
"l10n_mx_concept_p36_2","perception","036","P36_2","Transportation Assistance (Non-taxable)","False"
"l10n_mx_concept_p37","perception","037","P37","Funeral Expense Assistance","True"
"l10n_mx_concept_p38","perception","038","P38","Other Salary Income","True"
"l10n_mx_concept_p39","perception","039","P39","Pensions, Retirement Benefits, or Retirement Funds","True"
"l10n_mx_concept_p44","perception","044","P44","Pensions, Retirement Benefits, or Retirement Funds in Installments","True"
"l10n_mx_concept_p45","perception","045","P45","Income from Stocks or Securities Representing Assets","True"
"l10n_mx_concept_p46","perception","046","P46","Income Assimilated to Salaries","True"
"l10n_mx_concept_p47","perception","047","P47","Food Different from Those Established in the Last Paragraph of Article 94 of LISR (Tax Law)","True"
"l10n_mx_concept_p48","perception","048","P48","Housing","True"
"l10n_mx_concept_p49","perception","049","P49","Attendance Bonuses","True"
"l10n_mx_concept_p50","perception","050","P50","Per Diems","True"
"l10n_mx_concept_p51","perception","051","P51","Payments for Bonuses, Premiums, Compensations, Rewards, or Others to Former Employees Derived from Partial Retirement","True"
"l10n_mx_concept_p52","perception","052","P52","Payments Made to Former Employees Receiving Partial Retirement Due to the Execution of a Court Resolution or Award","True"
"l10n_mx_concept_p53","perception","053","P53","Payments Made to Former Employees Receiving Lump-Sum Retirement Due to the Execution of a Court Resolution or Award","True"
"l10n_mx_concept_p54","perception","054","P054","Worked Rest Days Taxable","True"
"l10n_mx_concept_p54_2","perception","054","P054_2","Worked Rest Days Exempt","False"
"l10n_mx_concept_p55","perception","055","P055","Worked Statutory Rest Days Taxable","True"
"l10n_mx_concept_p55_2","perception","055","P055_2","Worked Statutory Rest Days Exempt","False"
"l10n_mx_concept_p56","perception","056","P056","Social Welfare Benefits, Art. 93 Sections VIII and IX LISR Taxable","True"
"l10n_mx_concept_p56_2","perception","056","P056_2","Social Welfare Benefits, Art. 93 Sections VIII and IX LISR Exempt","False"
"l10n_mx_concept_p57","perception","057","P057","Awards Granted for Scientific, Artistic, Literary Contests or Granted by the Federation Art 93 Section XXIV LISR Taxable","True"
"l10n_mx_concept_p57_2","perception","057","P057_2","Awards Granted for Scientific, Artistic, Literary Contests or Granted by the Federation Art 93 Section XXIV LISR Exempt","False"
"l10n_mx_concept_o1","other","001","O01","Refund of Excess Income Tax Withheld (as long as it has not been paid to the SAT)",""
"l10n_mx_concept_o2","other","002","O02","Employment Subsidy (Effectively Delivered to the Worker)",""
"l10n_mx_concept_o3","other","003","O03","Per Diems (Provided to the Worker)",""
"l10n_mx_concept_o4","other","004","O04","Application of Refundable Balance for Annual Compensation",""
"l10n_mx_concept_o5","other","005","O05","Refund of Excess Income Tax Withheld from the Previous Year (as long as it has not been paid to the SAT)",""
"l10n_mx_concept_o6","other","006","O06","Food in Kind (Cafeteria and Meal Services) Article 94 Last Paragraph of LISR",""
"l10n_mx_concept_o7","other","007","O07","Income Tax Adjusted for Subsidy",""
"l10n_mx_concept_o8","other","008","O08","Subsidy Effectively Delivered That Was Not Due (Only Applies When There is a Monthly Adjustment in Relation to Appendix 7 of the Payroll Filling Guide)",""
"l10n_mx_concept_o9","other","009","O09","Reimbursement of Deductions Made for Housing Credit",""
"l10n_mx_concept_o999","other","999","O999","Payments Not Listed and That Should Not Be Considered as Income from Salaries, Wages, or Assimilated Income",""
