"id","code","name","country_id:id"
"l10n_mx_contract_type_01","01","Indefinite Term Employment Contract","base.mx"
"l10n_mx_contract_type_02","02","Employment Contract for a Specific Project","base.mx"
"l10n_mx_contract_type_03","03","Fixed-Term Employment Contract","base.mx"
"l10n_mx_contract_type_04","04","Seasonal Employment Contract","base.mx"
"l10n_mx_contract_type_05","05","Employment Contract Subject to Probation","base.mx"
"l10n_mx_contract_type_06","06","Employment Contract with Initial Training","base.mx"
"l10n_mx_contract_type_07","07","Hourly Wage Employment","base.mx"
"l10n_mx_contract_type_08","08","Commission-Based Employment","base.mx"
"l10n_mx_contract_type_09","09","Contracting Modalities Without an Employment Relationship","base.mx"
"l10n_mx_contract_type_10","10","Retirement, Pension, Withdrawal","base.mx"
"l10n_mx_contract_type_99","99","Other Contract","base.mx"
