"id","report_type","concept","exogenous_category_id:id","value_to_report"
"exogenous_config_1007_01_4001_credit","1007","4001","l10n_co_reports.exogenous_categ_1007_01","credit"
"exogenous_config_1007_01_4007_credit","1007","4007","l10n_co_reports.exogenous_categ_1007_01","credit"
"exogenous_config_1007_01_4003_credit","1007","4003","l10n_co_reports.exogenous_categ_1007_01","credit"
"exogenous_config_1007_02_4001_debit","1007","4001","l10n_co_reports.exogenous_categ_1007_02","debit"
"exogenous_config_1007_02_4002_debit","1007","4002","l10n_co_reports.exogenous_categ_1007_02","debit"
"exogenous_config_1007_01_4002_credit","1007","4002","l10n_co_reports.exogenous_categ_1007_01","credit"
"exogenous_config_1007_01_4017_credit","1007","4017","l10n_co_reports.exogenous_categ_1007_01","credit"
"exogenous_config_1007_01_4018_credit","1007","4018","l10n_co_reports.exogenous_categ_1007_01","credit"
"exogenous_config_1008_01_1315_balance","1008","1315","l10n_co_reports.exogenous_categ_1008_01","balance"
"exogenous_config_1008_01_1316_balance","1008","1316","l10n_co_reports.exogenous_categ_1008_01","balance"
"exogenous_config_1008_01_1317_balance","1008","1317","l10n_co_reports.exogenous_categ_1008_01","balance"
"exogenous_config_1009_01_2201_balance","1009","2201","l10n_co_reports.exogenous_categ_1009_01","balance"
"exogenous_config_1006_01_debit","1006",,"l10n_co_reports.exogenous_categ_1006_01","debit"
"exogenous_config_1006_02_credit","1006",,"l10n_co_reports.exogenous_categ_1006_02","credit"
"exogenous_config_1006_03_debit","1006",,"l10n_co_reports.exogenous_categ_1006_03","debit"
"exogenous_config_1005_01_credit","1005",,"l10n_co_reports.exogenous_categ_1005_01","credit"
"exogenous_config_1005_02_debit","1005",,"l10n_co_reports.exogenous_categ_1005_02","debit"
"exogenous_config_1003_02_1309_debit","1003","1309","l10n_co_reports.exogenous_categ_1003_02","debit"
"exogenous_config_1003_02_1302_debit","1003","1302","l10n_co_reports.exogenous_categ_1003_02","debit"
"exogenous_config_1003_01_1309_credit","1003","1309","l10n_co_reports.exogenous_categ_1003_01","credit"
"exogenous_config_1003_01_1302_credit","1003","1302","l10n_co_reports.exogenous_categ_1003_01","credit"
"exogenous_config_1001_05_5015_credit","1001","5015","l10n_co_reports.exogenous_categ_1001_05","credit"
"exogenous_config_1001_05_5003_credit","1001","5003","l10n_co_reports.exogenous_categ_1001_05","credit"
"exogenous_config_1001_05_5005_credit","1001","5005","l10n_co_reports.exogenous_categ_1001_05","credit"
"exogenous_config_1001_01_5005_debit","1001","5005","l10n_co_reports.exogenous_categ_1001_01","debit"
"exogenous_config_1001_05_5006_credit","1001","5006","l10n_co_reports.exogenous_categ_1001_05","credit"
"exogenous_config_1001_05_5002_credit","1001","5002","l10n_co_reports.exogenous_categ_1001_05","credit"
"exogenous_config_1001_01_5002_debit","1001","5002","l10n_co_reports.exogenous_categ_1001_01","debit"
"exogenous_config_1001_05_5007_credit","1001","5007","l10n_co_reports.exogenous_categ_1001_05","credit"
"exogenous_config_1001_05_5027_credit","1001","5027","l10n_co_reports.exogenous_categ_1001_05","credit"
"exogenous_config_1001_05_5004_credit","1001","5004","l10n_co_reports.exogenous_categ_1001_05","credit"
"exogenous_config_1001_01_5004_debit","1001","5004","l10n_co_reports.exogenous_categ_1001_01","debit"
