"id","report_type","sequence","name","name@es_419"
"exogenous_categ_1001_01","1001","1","Deductible Payment or Credit to Account","Pago o Abono en Cuenta Deducible"
"exogenous_categ_1001_02","1001","2","Payment or Account Credit Not Deductible","Pago o Abono en Cuenta No deducible"
"exogenous_categ_1001_03","1001","3","VAT as a Higher Cost or Expense, Deductible","IVA como Mayor Valor del Costo o Gasto, Deducible"
"exogenous_categ_1001_04","1001","4","VAT as a Higher Cost or Expense, Not Deductible","IVA como Mayor Valor del Costo o Gasto, No Deducible"
"exogenous_categ_1001_05","1001","5","Withholding Tax Applied on Income","Retención en la Fuente Practicada Sobre la Renta"
"exogenous_categ_1001_06","1001","6","Withholding Tax Assumed on Income","Retención en la Fuente Asumida Sobre la Renta"
"exogenous_categ_1001_07","1001","7","Withholding Tax Applied on VAT to VAT-liable Entities","Retención en la Fuente Practicada Sobre el IVA a Entidades Responsables de IVA"
"exogenous_categ_1001_08","1001","8","Withholding tax Applied on VAT to Non-residents or Non-domiciled entities","Retención en la Fuente Practicada Sobre el IVA a Entidades No Residentes o No Domiciliadas"
"exogenous_categ_1003_01","1003","1","Accumulated Amount of Payment or Credit Subject to Withholding at Source","Valor Acumulado del Pago o Abono Sujeto a Retención en la Fuente"
"exogenous_categ_1003_02","1003","2","Withholding Tax Applied to you","Retención que le Practicaron"
"exogenous_categ_1005_01","1005","1","Deductible Tax","Impuesto Descontable"
"exogenous_categ_1005_02","1005","2","VAT Resulting from Returns on Canceled, Rescinded, or Terminated Sales","IVA Resultante por Devoluciones en Ventas Anuladas, Rescindidas o Resueltas"
"exogenous_categ_1005_03","1005","3","VAT treated as a higher cost or expense (Art. 490 Tax Code)","IVA Tratado como Mayor Valor del Costo o Gasto (Art.490 E.T)"
"exogenous_categ_1006_01","1006","1","Generated Tax","Impuesto Generado"
"exogenous_categ_1006_02","1006","2","VAT Recovered from Returns on Canceled, Rescinded, or Terminated purchases","IVA Recuperado en Devoluciones en Compras Anuladas, Rescindidas o Resueltas"
"exogenous_categ_1006_03","1006","3","Consumption Tax","Impuesto al Consumo"
"exogenous_categ_1007_01","1007","1","Gross Income Received","Ingresos Brutos Recibidos"
"exogenous_categ_1007_02","1007","2","Returns, Allowances, and Discounts","Devoluciones, Rebajas y Descuentos"
"exogenous_categ_1008_01","1008","1","Accounts Receivable Balance as of 31-12","Saldo Cuentas por Cobrar al 31-12"
"exogenous_categ_1009_01","1009","1","Accounts Payable Balance as of 31-12","Saldo Cuentas por Pagar al 31-12"
