"id","l10n_co_exogenous_config_ids"
"co_puc_410500","l10n_co_reports.exogenous_config_1007_01_4001_credit,l10n_co_reports.exogenous_config_1003_01_1309_credit,l10n_co_reports.exogenous_config_1003_01_1302_credit"
"co_puc_411000","l10n_co_reports.exogenous_config_1007_01_4001_credit,l10n_co_reports.exogenous_config_1003_01_1309_credit,l10n_co_reports.exogenous_config_1003_01_1302_credit"
"co_puc_411500","l10n_co_reports.exogenous_config_1007_01_4007_credit,l10n_co_reports.exogenous_config_1003_01_1309_credit,l10n_co_reports.exogenous_config_1003_01_1302_credit"
"co_puc_412000","l10n_co_reports.exogenous_config_1007_01_4001_credit,l10n_co_reports.exogenous_config_1003_01_1309_credit,l10n_co_reports.exogenous_config_1003_01_1302_credit"
"co_puc_412500","l10n_co_reports.exogenous_config_1007_01_4001_credit,l10n_co_reports.exogenous_config_1003_01_1309_credit,l10n_co_reports.exogenous_config_1003_01_1302_credit"
"co_puc_413000","l10n_co_reports.exogenous_config_1007_01_4001_credit,l10n_co_reports.exogenous_config_1003_01_1309_credit,l10n_co_reports.exogenous_config_1003_01_1302_credit"
"co_puc_413500","l10n_co_reports.exogenous_config_1007_01_4001_credit,l10n_co_reports.exogenous_config_1003_01_1309_credit,l10n_co_reports.exogenous_config_1003_01_1302_credit"
"co_puc_414000","l10n_co_reports.exogenous_config_1007_01_4001_credit,l10n_co_reports.exogenous_config_1003_01_1309_credit,l10n_co_reports.exogenous_config_1003_01_1302_credit"
"co_puc_414500","l10n_co_reports.exogenous_config_1007_01_4001_credit,l10n_co_reports.exogenous_config_1003_01_1309_credit,l10n_co_reports.exogenous_config_1003_01_1302_credit"
"co_puc_415000","l10n_co_reports.exogenous_config_1007_01_4003_credit,l10n_co_reports.exogenous_config_1003_01_1309_credit,l10n_co_reports.exogenous_config_1003_01_1302_credit"
"co_puc_415500","l10n_co_reports.exogenous_config_1007_01_4001_credit,l10n_co_reports.exogenous_config_1003_01_1309_credit,l10n_co_reports.exogenous_config_1003_01_1302_credit"
"co_puc_416000","l10n_co_reports.exogenous_config_1007_01_4001_credit,l10n_co_reports.exogenous_config_1003_01_1309_credit,l10n_co_reports.exogenous_config_1003_01_1302_credit"
"co_puc_416500","l10n_co_reports.exogenous_config_1007_01_4001_credit,l10n_co_reports.exogenous_config_1003_01_1309_credit,l10n_co_reports.exogenous_config_1003_01_1302_credit"
"co_puc_417000","l10n_co_reports.exogenous_config_1007_01_4001_credit,l10n_co_reports.exogenous_config_1003_01_1309_credit,l10n_co_reports.exogenous_config_1003_01_1302_credit"
"co_puc_417500","l10n_co_reports.exogenous_config_1007_02_4001_debit,l10n_co_reports.exogenous_config_1003_01_1309_credit,l10n_co_reports.exogenous_config_1003_01_1302_credit"
"co_puc_420500","l10n_co_reports.exogenous_config_1007_01_4002_credit,l10n_co_reports.exogenous_config_1003_01_1302_credit"
"co_puc_421000","l10n_co_reports.exogenous_config_1007_01_4003_credit"
"co_puc_421005","l10n_co_reports.exogenous_config_1007_01_4003_credit"
"co_puc_421040","l10n_co_reports.exogenous_config_1007_01_4003_credit"
"co_puc_421500","l10n_co_reports.exogenous_config_1007_01_4002_credit"
"co_puc_421800","l10n_co_reports.exogenous_config_1007_01_4002_credit"
"co_puc_422000","l10n_co_reports.exogenous_config_1007_01_4002_credit"
"co_puc_422500","l10n_co_reports.exogenous_config_1007_01_4002_credit"
"co_puc_423000","l10n_co_reports.exogenous_config_1007_01_4002_credit"
"co_puc_423500","l10n_co_reports.exogenous_config_1007_01_4001_credit"
"co_puc_424000","l10n_co_reports.exogenous_config_1007_01_4002_credit"
"co_puc_424500","l10n_co_reports.exogenous_config_1007_01_4002_credit"
"co_puc_424800","l10n_co_reports.exogenous_config_1007_01_4002_credit"
"co_puc_425000","l10n_co_reports.exogenous_config_1007_01_4017_credit"
"co_puc_425500","l10n_co_reports.exogenous_config_1007_01_4002_credit"
"co_puc_426000","l10n_co_reports.exogenous_config_1007_01_4002_credit"
"co_puc_426500","l10n_co_reports.exogenous_config_1007_01_4002_credit"
"co_puc_427500","l10n_co_reports.exogenous_config_1007_02_4002_debit"
"co_puc_428000","l10n_co_reports.exogenous_config_1007_01_4018_credit"
"co_puc_429500","l10n_co_reports.exogenous_config_1007_01_4002_credit"
"co_puc_130500","l10n_co_reports.exogenous_config_1008_01_1315_balance"
"co_puc_130507","l10n_co_reports.exogenous_config_1008_01_1315_balance"
"co_puc_131000","l10n_co_reports.exogenous_config_1008_01_1315_balance"
"co_puc_131500","l10n_co_reports.exogenous_config_1008_01_1316_balance"
"co_puc_132000","l10n_co_reports.exogenous_config_1008_01_1316_balance"
"co_puc_132300","l10n_co_reports.exogenous_config_1008_01_1316_balance"
"co_puc_132500","l10n_co_reports.exogenous_config_1008_01_1316_balance"
"co_puc_132800","l10n_co_reports.exogenous_config_1008_01_1317_balance"
"co_puc_220500","l10n_co_reports.exogenous_config_1009_01_2201_balance"
"co_puc_221000","l10n_co_reports.exogenous_config_1009_01_2201_balance"
"co_puc_240810","l10n_co_reports.exogenous_config_1006_01_debit,l10n_co_reports.exogenous_config_1006_02_credit"
"co_puc_240830","l10n_co_reports.exogenous_config_1006_03_debit"
"co_puc_240805","l10n_co_reports.exogenous_config_1005_01_credit,l10n_co_reports.exogenous_config_1005_02_debit"
"co_puc_135517","l10n_co_reports.exogenous_config_1003_02_1309_debit"
"co_puc_135515","l10n_co_reports.exogenous_config_1003_02_1302_debit"
"co_puc_236700","l10n_co_reports.exogenous_config_1001_05_5015_credit"
"co_puc_236520","l10n_co_reports.exogenous_config_1001_05_5003_credit"
"co_puc_236530","l10n_co_reports.exogenous_config_1001_05_5005_credit"
"co_puc_512000","l10n_co_reports.exogenous_config_1001_01_5005_debit"
"co_puc_236535","l10n_co_reports.exogenous_config_1001_05_5006_credit"
"co_puc_236515","l10n_co_reports.exogenous_config_1001_05_5002_credit"
"co_puc_511000","l10n_co_reports.exogenous_config_1001_01_5002_debit"
"co_puc_236540","l10n_co_reports.exogenous_config_1001_05_5007_credit"
"co_puc_236550","l10n_co_reports.exogenous_config_1001_05_5027_credit"
"co_puc_236525","l10n_co_reports.exogenous_config_1001_05_5004_credit"
"co_puc_513500","l10n_co_reports.exogenous_config_1001_01_5004_debit"
