id,name,sector,identification,code,scenario,date_start,date_end
drs_risk_wech001_002,Declaration of unemployment with company supplement,unemployment,WECH001,002,Scenario 1 - Declaration of end of employment contract or unemployment with company supplement / Proof of work,1900-01-01,9999-01-01
drs_risk_wech001_003,Declaration of end of employment contract in education,unemployment,WECH001,003,Scenario 1 - Declaration of end of employment contract or unemployment with company supplement / Proof of work,1900-01-01,9999-01-01
drs_risk_wech001_004,Proof of work,unemployment,WECH001,004,Scenario 1 - Declaration of end of employment contract or unemployment with company supplement / Proof of work,1900-01-01,9999-01-01
drs_risk_wech002_001,Declaration of temporary unemployment due to lack of work resulting from economic causes,unemployment,WECH002,001,Scenario 2 - Declaration of entitlement to temporary unemployment or white-collar suspension,1900-01-01,9999-01-01
drs_risk_wech002_002,Declaration of temporary unemployment due to bad weather,unemployment,WECH002,002,Scenario 2 - Declaration of entitlement to temporary unemployment or white-collar suspension,1900-01-01,9999-01-01
drs_risk_wech002_003,Declaration of temporary unemployment due to a technical accident,unemployment,WECH002,003,Scenario 2 - Declaration of entitlement to temporary unemployment or white-collar suspension,1900-01-01,9999-01-01
drs_risk_wech002_004,Declaration of temporary unemployment due to force majeure,unemployment,WECH002,004,Scenario 2 - Declaration of entitlement to temporary unemployment or white-collar suspension,1900-01-01,9999-01-01
drs_risk_wech002_005,Declaration of temporary unemployment due to medical force majeure,unemployment,WECH002,005,Scenario 2 - Declaration of entitlement to temporary unemployment or white-collar suspension,1900-01-01,9999-01-01
drs_risk_wech002_006,Declaration of temporary unemployment due to company closure for annual holidays,unemployment,WECH002,006,Scenario 2 - Declaration of entitlement to temporary unemployment or white-collar suspension,1900-01-01,9999-01-01
drs_risk_wech002_007,Declaration of temporary unemployment due to company closure for holidays under a mandatory CBA,unemployment,WECH002,007,Scenario 2 - Declaration of entitlement to temporary unemployment or white-collar suspension,1900-01-01,9999-01-01
drs_risk_wech002_008,Declaration of temporary unemployment due to company closure for compensatory rest under working time reduction,unemployment,WECH002,008,Scenario 2 - Declaration of entitlement to temporary unemployment or white-collar suspension,1900-01-01,9999-01-01
drs_risk_wech002_009,Declaration of temporary unemployment due to strike or lock-out,unemployment,WECH002,009,Scenario 2 - Declaration of entitlement to temporary unemployment or white-collar suspension,1900-01-01,9999-01-01
drs_risk_wech002_010,Declaration of temporary unemployment in case of dismissal of a protected worker,unemployment,WECH002,010,Scenario 2 - Declaration of entitlement to temporary unemployment or white-collar suspension,1900-01-01,9999-01-01
drs_risk_wech002_011,Declaration of white-collar suspension for lack of work,unemployment,WECH002,011,Scenario 2 - Declaration of entitlement to temporary unemployment or white-collar suspension,1900-01-01,9999-01-01
drs_risk_wech003_001,Declaration of start of part-time work,unemployment,WECH003,001,Scenario 3 - Declaration of start of part-time work,1900-01-01,9999-01-01
drs_risk_wech003_002,Declaration of start of part-time work - Education,unemployment,WECH003,002,Scenario 3 - Declaration of start of part-time work,1900-01-01,2016-08-31
drs_risk_wech004_001,Declaration of half-time work reduction in the context of half-time prepension,unemployment,WECH004,001,Scenario 4 - Declaration of half-time prepension,1900-01-01,2012-03-31
drs_risk_wech005_001,Monthly declaration of temporary unemployment hours due to lack of work resulting from economic causes,unemployment,WECH005,001,Scenario 5 - Monthly declaration of temporary unemployment hours or white-collar suspension,1900-01-01,9999-01-01
drs_risk_wech005_002,Monthly declaration of temporary unemployment hours due to bad weather,unemployment,WECH005,002,Scenario 5 - Monthly declaration of temporary unemployment hours or white-collar suspension,1900-01-01,9999-01-01
drs_risk_wech005_003,Monthly declaration of temporary unemployment hours due to a technical accident,unemployment,WECH005,003,Scenario 5 - Monthly declaration of temporary unemployment hours or white-collar suspension,1900-01-01,9999-01-01
drs_risk_wech005_004,Monthly declaration of temporary unemployment hours due to force majeure,unemployment,WECH005,004,Scenario 5 - Monthly declaration of temporary unemployment hours or white-collar suspension,1900-01-01,9999-01-01
drs_risk_wech005_005,Monthly declaration of temporary unemployment hours due to medical force majeure,unemployment,WECH005,005,Scenario 5 - Monthly declaration of temporary unemployment hours or white-collar suspension,1900-01-01,9999-01-01
drs_risk_wech005_006,Monthly declaration of temporary unemployment hours due to company closure for annual holidays,unemployment,WECH005,006,Scenario 5 - Monthly declaration of temporary unemployment hours or white-collar suspension,1900-01-01,9999-01-01
drs_risk_wech005_007,Monthly declaration of temporary unemployment hours due to company closure for holidays under a mandatory CBA,unemployment,WECH005,007,Scenario 5 - Monthly declaration of temporary unemployment hours or white-collar suspension,1900-01-01,9999-01-01
drs_risk_wech005_008,Monthly declaration of temporary unemployment hours due to company closure for compensatory rest under working time reduction,unemployment,WECH005,008,Scenario 5 - Monthly declaration of temporary unemployment hours or white-collar suspension,1900-01-01,9999-01-01
drs_risk_wech005_009,Monthly declaration of temporary unemployment hours due to strike or lock-out,unemployment,WECH005,009,Scenario 5 - Monthly declaration of temporary unemployment hours or white-collar suspension,1900-01-01,9999-01-01
drs_risk_wech005_010,Monthly declaration of temporary unemployment hours in case of dismissal of a protected worker,unemployment,WECH005,010,Scenario 5 - Monthly declaration of temporary unemployment hours or white-collar suspension,1900-01-01,9999-01-01
drs_risk_wech005_011,Monthly declaration of white-collar suspension hours for lack of work,unemployment,WECH005,011,Scenario 5 - Monthly declaration of temporary unemployment hours or white-collar suspension,1900-01-01,9999-01-01
drs_risk_wech006_001,Monthly declaration of part-time work for the calculation of the income guarantee allowance,unemployment,WECH006,001,Scenario 6 - Monthly declaration of part-time work for the calculation of the income guarantee allowance,1900-01-01,9999-01-01
drs_risk_wech006_002,Monthly declaration of part-time work for the calculation of the income guarantee allowance - Education,unemployment,WECH006,002,Scenario 6 - Monthly declaration of part-time work for the calculation of the income guarantee allowance,1900-01-01,2016-02-29
drs_risk_wech007_001,Monthly declaration of work as a worker employed in a sheltered workshop,unemployment,WECH007,001,Scenario 7 - Monthly declaration of work as a worker employed in a sheltered workshop,1900-01-01,9999-01-01
drs_risk_wech008_001,Monthly declaration for the calculation of the integration allowance (professional transition program),unemployment,WECH008,001,Scenario 8 - Monthly declaration of work in the context of an activation program,1900-01-01,9999-01-01
drs_risk_wech008_002,Monthly declaration for the calculation of the reintegration allowance (service-jobs),unemployment,WECH008,002,Scenario 8 - Monthly declaration of work in the context of an activation program,1900-01-01,2010-03-31
drs_risk_wech008_003,Monthly declaration for the calculation of the work allowance - Activa,unemployment,WECH008,003,Scenario 8 - Monthly declaration of work in the context of an activation program,1900-01-01,9999-01-01
drs_risk_wech008_004,Monthly declaration for the calculation of the SINE allowance (social insertion occupation),unemployment,WECH008,004,Scenario 8 - Monthly declaration of work in the context of an activation program,1900-01-01,9999-01-01
drs_risk_wech008_005,Monthly declaration for the calculation of the work allowance - Activa - temporary,unemployment,WECH008,005,Scenario 8 - Monthly declaration of work in the context of an activation program,1900-01-01,2010-03-31
drs_risk_wech008_006,Monthly declaration for the calculation of the work allowance - Activa - short duration,unemployment,WECH008,006,Scenario 8 - Monthly declaration of work in the context of an activation program,1900-01-01,2010-03-31
drs_risk_wech008_007,Monthly declaration for the calculation of the work allowance - Activa - security and prevention staff,unemployment,WECH008,007,Scenario 8 - Monthly declaration of work in the context of an activation program,1900-01-01,9999-01-01
drs_risk_wech008_008,Monthly declaration for the calculation of the work allowance - Activa-START,unemployment,WECH008,008,Scenario 8 - Monthly declaration of work in the context of an activation program,1900-01-01,9999-01-01
drs_risk_wech008_010,Monthly declaration for the calculation of the work allowance - Wallonia - Long-term job seekers,unemployment,WECH008,010,Scenario 8 - Monthly declaration of work in the context of an activation program,1900-01-01,9999-01-01
drs_risk_wech008_011,Monthly declaration for the calculation of the work allowance - Wallonia - Young job seekers,unemployment,WECH008,011,Scenario 8 - Monthly declaration of work in the context of an activation program,1900-01-01,9999-01-01
drs_risk_wech008_012,Monthly declaration for the calculation of the work allowance - Wallonia - Insertion contract,unemployment,WECH008,012,Scenario 8 - Monthly declaration of work in the context of an activation program,1900-01-01,9999-01-01
drs_risk_wech008_020,Monthly declaration for the calculation of the work allowance - Brussels - Long-term job seekers,unemployment,WECH008,020,Scenario 8 - Monthly declaration of work in the context of an activation program,1900-01-01,9999-01-01
drs_risk_wech008_021,Monthly declaration for the calculation of the work allowance - Brussels - Reduced capacity - target group -30 or +57,unemployment,WECH008,021,Scenario 8 - Monthly declaration of work in the context of an activation program,1900-01-01,9999-01-01
drs_risk_wech009_001,Declaration for the granting of youth holiday rights,unemployment,WECH009,001,Scenario 9 - Declaration for the granting of youth or senior holiday rights,1900-01-01,9999-01-01
drs_risk_wech009_002,Declaration for the granting of senior holiday rights,unemployment,WECH009,002,Scenario 9 - Declaration for the granting of youth or senior holiday rights,1900-01-01,9999-01-01
drs_risk_wech010_001,Monthly declaration of youth holiday hours,unemployment,WECH010,001,Scenario 10 - Monthly declaration of youth or senior holiday hours,1900-01-01,9999-01-01
drs_risk_wech010_002,Monthly declaration of senior holiday hours,unemployment,WECH010,002,Scenario 10 - Monthly declaration of youth or senior holiday hours,1900-01-01,9999-01-01
drs_risk_wech011_001,Monthly declaration of port work,unemployment,WECH011,001,Scenario 11 - Monthly declaration of port work,1900-01-01,9999-01-01
drs_risk_zima001_001,"Incapacity for work (illness, accident, prophylactic leave)",compensation,ZIMA001,001,"Scenario 1 - Declaration in case of incapacity for work, maternity rest, complete removal from work as a maternity protection measure, partial removal from work as a maternity protection measure, converted maternity leave (art. 39, para. 6 of the Labour Act of 16.3.1971), birth leave (art. 30, § 2, of the Employment Contracts Act of 3 July 1978), and adoption leave",1900-01-01,9999-01-01
drs_risk_zima001_002,Maternity rest,compensation,ZIMA001,002,"Scenario 1 - Declaration in case of incapacity for work, maternity rest, complete removal from work as a maternity protection measure, partial removal from work as a maternity protection measure, converted maternity leave (art. 39, para. 6 of the Labour Act of 16.3.1971), birth leave (art. 30, § 2, of the Employment Contracts Act of 3 July 1978), and adoption leave",1900-01-01,9999-01-01
drs_risk_zima001_003,Complete removal from work as a maternity protection measure,compensation,ZIMA001,003,"Scenario 1 - Declaration in case of incapacity for work, maternity rest, complete removal from work as a maternity protection measure, partial removal from work as a maternity protection measure, converted maternity leave (art. 39, para. 6 of the Labour Act of 16.3.1971), birth leave (art. 30, § 2, of the Employment Contracts Act of 3 July 1978), and adoption leave",1900-01-01,9999-01-01
drs_risk_zima001_004,Partial removal from work as a maternity protection measure,compensation,ZIMA001,004,"Scenario 1 - Declaration in case of incapacity for work, maternity rest, complete removal from work as a maternity protection measure, partial removal from work as a maternity protection measure, converted maternity leave (art. 39, para. 6 of the Labour Act of 16.3.1971), birth leave (art. 30, § 2, of the Employment Contracts Act of 3 July 1978), and adoption leave",1900-01-01,9999-01-01
drs_risk_zima001_005,Converted maternity leave (art. 39 sec. 6 of the labor law of 16.3.1971),compensation,ZIMA001,005,"Scenario 1 - Declaration in case of work incapacity, maternity rest, etc.",1900-01-01,9999-01-01
drs_risk_zima001_006,Birth leave - 20 days (art. 30 sec. 2 of the employment contracts law of 3.7.1978),compensation,ZIMA001,006,"Scenario 1 - Declaration in case of work incapacity, maternity rest, etc.",1900-01-01,9999-01-01
drs_risk_zima001_007,Adoption leave,compensation,ZIMA001,007,"Scenario 1 - Declaration in case of work incapacity, maternity rest, etc.",1900-01-01,9999-01-01
drs_risk_zima001_008,Foster parent leave,compensation,ZIMA001,008,"Scenario 1 - Declaration in case of work incapacity, maternity rest, etc.",1900-01-01,9999-01-01
drs_risk_zima002_001,Declaration of resumption of adapted work during a period of work incapacity,compensation,ZIMA002,001,Scenario 2 - Monthly declaration in case of resumption of adapted work,1900-01-01,9999-01-01
drs_risk_zima002_002,Monthly declaration of income for adapted work during a maternity protection measure,compensation,ZIMA002,002,Scenario 2 - Monthly declaration in case of resumption of adapted work,1900-01-01,9999-01-01
drs_risk_zima003_001,Certificate for breastfeeding breaks compensation,compensation,ZIMA003,001,Scenario 3 - Certificate for breastfeeding breaks compensation,1900-01-01,9999-01-01
drs_risk_zima005_001,Declaration of holidays for workers whose holiday pay is paid by a holiday fund or the ONVA,compensation,ZIMA005,001,Scenario 5 - Annual declaration of holidays,1900-01-01,2025-03-27
drs_risk_zima005_002,Declaration of holidays for workers whose holiday pay is paid by the employer,compensation,ZIMA005,002,Scenario 5 - Annual declaration of holidays,1900-01-01,2025-03-27
drs_risk_zima005_003,Declaration of holidays for workers whose holiday pay is paid by a holiday fund or the ONVA - Adapted work,compensation,ZIMA005,003,Scenario 5 - Annual declaration of holidays,1900-01-01,2025-03-27
drs_risk_zima005_004,Declaration of holidays for workers whose holiday pay is paid by the employer - Adapted work,compensation,ZIMA005,004,Scenario 5 - Annual declaration of holidays,1900-01-01,2025-03-27
drs_risk_zima006_001,Declaration of date of return to work,compensation,ZIMA006,001,Scenario 6 - Declaration of return to work,1900-01-01,9999-01-01
