id,egov3_code,name,parent_id:id
l10n_be_joint_committee_100,100,"Auxiliary Joint Committee for Workers",
l10n_be_joint_committee_101,101,"National Joint Committee for Mines",
l10n_be_joint_committee_102,102,"Quarrying Industry",
l10n_be_joint_committee_102_01,102.01,"Bluestone and Limestone Quarrying Industry of the province of Hainaut",l10n_be_joint_committee_102
l10n_be_joint_committee_102_02,102.02,"Bluestone and Limestone Quarrying Industry of the provinces of Liège and Namur",l10n_be_joint_committee_102
l10n_be_joint_committee_102_03,102.03,"Porphyry Quarries of the province of Walloon Brabant and Quartzite Quarries of the province of Walloon Brabant",l10n_be_joint_committee_102
l10n_be_joint_committee_102_04,102.04,"Sandstone and Quartzite Quarrying Industry of the entire territory of the Kingdom, with the exception of quartzite quarries in the province of Walloon Brabant",l10n_be_joint_committee_102
l10n_be_joint_committee_102_05,102.05,"Kaolin and Open-Pit Sand Quarrying Industry in the provinces of Walloon Brabant, Hainaut, Liège, Luxembourg and Namur",l10n_be_joint_committee_102
l10n_be_joint_committee_102_06,102.06,"Gravel and Open-Pit Sand Quarrying Industry in the provinces of Antwerp, West Flanders, East Flanders, Limburg and Flemish Brabant",l10n_be_joint_committee_102
l10n_be_joint_committee_102_07,102.07,"Quarrying, Cement and Lime Kiln Industry of the administrative district of Tournai",l10n_be_joint_committee_102
l10n_be_joint_committee_102_08,102.08,"Marble Quarries and Sawmills Industry of the entire territory of the Kingdom",l10n_be_joint_committee_102
l10n_be_joint_committee_102_09,102.09,"Untrimmed Limestone Quarries and Lime Kilns, Dolomite Quarries and Dolomite Kilns Industry of the entire territory of the Kingdom",l10n_be_joint_committee_102
l10n_be_joint_committee_102_10,102.10,"Slag Heap Recovery Industry (not established, as the chairman, vice-chairman and members have not been appointed)",l10n_be_joint_committee_102
l10n_be_joint_committee_102_11,102.11,"Slate Quarries, Whetstone and Razor Stone Quarries Industry of the provinces of Walloon Brabant, Hainaut, Liège, Luxembourg and Namur",l10n_be_joint_committee_102
l10n_be_joint_committee_104,104,"Steel Industry",
l10n_be_joint_committee_105,105,"Non-Ferrous Metals",
l10n_be_joint_committee_106,106,"Cement Industries",
l10n_be_joint_committee_106_01,106.01,"Cement Factories",l10n_be_joint_committee_106
l10n_be_joint_committee_106_02,106.02,"Concrete Industry",l10n_be_joint_committee_106
l10n_be_joint_committee_106_03,106.03,"Fibrocement",l10n_be_joint_committee_106
l10n_be_joint_committee_107,107,"Master Tailors, Seamstresses and Dressmakers",
l10n_be_joint_committee_109,109,"Clothing and Garment Industry",
l10n_be_joint_committee_110,110,"Textile Maintenance",
l10n_be_joint_committee_111,111,"Metal, Mechanical and Electrical Construction",
l10n_be_joint_committee_111_01,111.01,"Industrial Metals",l10n_be_joint_committee_111
l10n_be_joint_committee_111_02,111.02,"Handicraft Metals",l10n_be_joint_committee_111
l10n_be_joint_committee_111_03,111.03,"Outdoor Mechanics Bridges And Trusses",l10n_be_joint_committee_111
l10n_be_joint_committee_112,112,"Garage Businesses",
l10n_be_joint_committee_113,113,"Ceramic Industry",
l10n_be_joint_committee_113_04,113.04,"Tile Factories",l10n_be_joint_committee_113
l10n_be_joint_committee_114,114,"Brick Industry",
l10n_be_joint_committee_115,115,"Glass Industry",
l10n_be_joint_committee_115_01,115.01,"Glass Industry",l10n_be_joint_committee_115
l10n_be_joint_committee_115_02,115.02,"Window Glass Companies",l10n_be_joint_committee_115
l10n_be_joint_committee_115_03,115.03,"Mirror Manufacturing And Synthetic Frameworks",l10n_be_joint_committee_115
l10n_be_joint_committee_115_04,115.04,"East Flanders",l10n_be_joint_committee_115
l10n_be_joint_committee_115_05,115.05,"Specific Sub-Committee",l10n_be_joint_committee_115
l10n_be_joint_committee_115_06,115.06,"Specific Sub-Committee",l10n_be_joint_committee_115
l10n_be_joint_committee_115_07,115.07,"Specific Sub-Committee",l10n_be_joint_committee_115
l10n_be_joint_committee_115_08,115.08,"Specific Sub-Committee",l10n_be_joint_committee_115
l10n_be_joint_committee_115_09,115.09,"Auxiliary Glass Sector",l10n_be_joint_committee_115
l10n_be_joint_committee_116,116,"Chemical Industry",
l10n_be_joint_committee_118,118,"Food Industry",
l10n_be_joint_committee_118_01,118.01,"Rye Flour Mills",l10n_be_joint_committee_118
l10n_be_joint_committee_118_02,118.02,"Pasta, Cereal Products, Rice Mills",l10n_be_joint_committee_118
l10n_be_joint_committee_118_03,118.03,"Bakeries (Large And Small) / Small Pastry Shops, Possibly With A Consume Room / Small Ice Cream Shops (Artisan) / Small Confectionery Shops (Artisan)",l10n_be_joint_committee_118
l10n_be_joint_committee_118_04,118.04,"Rice And Corn Starch Mills, Corn Mills, Glucose Mills And Starch Productions",l10n_be_joint_committee_118
l10n_be_joint_committee_118_05,118.05,"Biscuit Factories And Speculoos, Unleaded Bread And Gingerbread Companies, Ruscotcheries, Industrial Pastries",l10n_be_joint_committee_118
l10n_be_joint_committee_118_06,118.06,"Confectionery Factories, Refineries, Invert Sugar And Citric Acid Factories Candy Works, Yeast Forming And Distilleries",l10n_be_joint_committee_118
l10n_be_joint_committee_118_07,118.07,"Breweries And Malting Works",l10n_be_joint_committee_118
l10n_be_joint_committee_118_08,118.08,"Beverage Industry (Drinking Waters, Lemonades, Ciders, Wines, Fruit Juices And Wines, Liquorists, Aperitifs And Fruit Distilleries)",l10n_be_joint_committee_118
l10n_be_joint_committee_118_09,118.09,"Preserved Vegetables, Dehydrated Vegetables, Sauerkraut, Vegetables In Brine, Preparation Of Dried, Frozen And Deep-Frozen Vegetables, Cleaning Or Preparation Of Fresh Vegetables",l10n_be_joint_committee_118
l10n_be_joint_committee_118_10,118.10,"Preserved Fruit, Candied Fruit, Apple Pastes, Frozen And Deep-Frozen Fruit, Jam Factories, Syrup Factories And Pectin Factories",l10n_be_joint_committee_118
l10n_be_joint_committee_118_11,118.11,"Preserved Meat, Sausages, Cured Meats, Smoked Meats And Meat Products, Casing Works (Including The Processing And Handling Of Raw And Dried Casings, Their Sizing And Gluing), Fat Rendering Plants, Poultry Slaughterhouses, Slaughterhouses And Meat Cutting Plants",l10n_be_joint_committee_118
l10n_be_joint_committee_118_12,118.12,"Dairy Industry (Dairies, Butter Factories, Cheese Factories, Dairy Product Companies, Ice Cream, Processed Cheese)",l10n_be_joint_committee_118
l10n_be_joint_committee_118_13,118.13,"Oil And Margarine Works",l10n_be_joint_committee_118
l10n_be_joint_committee_118_14,118.14,"Chocolate Factories, Spread Companies, Industrial Confectionery",l10n_be_joint_committee_118
l10n_be_joint_committee_118_15,118.15,"Refrigeration Industry, Including Artificial Ice Companies And Cold Storage Warehouses",l10n_be_joint_committee_118
l10n_be_joint_committee_118_16,118.16,"Fish Canneries, Smoking Facilities, Preserving Facilities And Freezing Facilities",l10n_be_joint_committee_118
l10n_be_joint_committee_118_17,118.17,"Coffee Roasting, Chicory Roasting",l10n_be_joint_committee_118
l10n_be_joint_committee_118_18,118.18,"Salt Mixing, Mustard Mixing, Prepared Condiments Including Pickles In Vinegar, Vinegar Mixing",l10n_be_joint_committee_118
l10n_be_joint_committee_118_19,118.19,"Food Specialties, Diet Foods, Products For Entremets And Desserts, Essentials And Extracts, Food Specialties, Soluble Coffees, Concentrated Broths, Soups And Miscellaneous Preparations",l10n_be_joint_committee_118
l10n_be_joint_committee_118_20,118.20,"Animal Feed Industry (Simple, Compound, Concentrated, Molasses, Feed Meals, Clos (Squashing)",l10n_be_joint_committee_118
l10n_be_joint_committee_118_21,118.21,"Potato Processing Industry",l10n_be_joint_committee_118
l10n_be_joint_committee_118_22,118.22,"Potato Peels",l10n_be_joint_committee_118
l10n_be_joint_committee_119,119,"Food Trade",
l10n_be_joint_committee_119_01,119.01,"Food Business (Worker)",l10n_be_joint_committee_119
l10n_be_joint_committee_119_02,119.02,"Beer And Beverage Shop",l10n_be_joint_committee_119
l10n_be_joint_committee_119_03,119.03,"Butcheries/Delicatessens",l10n_be_joint_committee_119
l10n_be_joint_committee_120,120,"Textile Industry",
l10n_be_joint_committee_120_01,120.01,"Textile Industry of the administrative district of Verviers",l10n_be_joint_committee_120
l10n_be_joint_committee_120_03,120.03,"Manufacture and Trade of Jute or Substitute Bags",l10n_be_joint_committee_120
l10n_be_joint_committee_121,121,"Cleaning",
l10n_be_joint_committee_124,124,"Construction",
l10n_be_joint_committee_125,125,"Wood Industry",
l10n_be_joint_committee_125_01,125.01,"Forestry Operations",l10n_be_joint_committee_125
l10n_be_joint_committee_125_02,125.02,"Sawmills and Related Industries",l10n_be_joint_committee_125
l10n_be_joint_committee_125_03,125.03,"Wood Trade",l10n_be_joint_committee_125
l10n_be_joint_committee_126,126,"Furniture and Woodworking Industry",
l10n_be_joint_committee_127,127,"Fuel Trade",
l10n_be_joint_committee_128,128,"Leather and Hides and Replacement Products Industry",
l10n_be_joint_committee_129,129,"Production of Pulp, Paper and Cardboard",
l10n_be_joint_committee_130,130,"Printing, Graphic Arts and Newspaper Industry",
l10n_be_joint_committee_130_02,130.02,"Printing, Graphic Arts And Newspaper Industry",l10n_be_joint_committee_130
l10n_be_joint_committee_132,132,"Agricultural and Horticultural Technical Work Companies",
l10n_be_joint_committee_133,133,"Tobacco Industry",
l10n_be_joint_committee_133_01,133.01,"Cigarette Factories And Mixed Enterprises",l10n_be_joint_committee_133
l10n_be_joint_committee_133_02,133.02,"Smoking, Chewing, And Snuff Tobacco",l10n_be_joint_committee_133
l10n_be_joint_committee_133_03,133.03,"Cigars And Cigarillos",l10n_be_joint_committee_133
l10n_be_joint_committee_136,136,"Paper and Cardboard Processing",
l10n_be_joint_committee_139,139,"Inland Navigation",
l10n_be_joint_committee_140,140,"Transport and Logistics",
l10n_be_joint_committee_140_01,140.01,"Buses and Coaches",l10n_be_joint_committee_140
l10n_be_joint_committee_140_02,140.02,"Taxis",l10n_be_joint_committee_140
l10n_be_joint_committee_140_03,140.03,"Road Transport and Logistics for Third Parties",l10n_be_joint_committee_140
l10n_be_joint_committee_140_04,140.04,"Ground Handling at Airports",l10n_be_joint_committee_140
l10n_be_joint_committee_140_05,140.05,"Moving",l10n_be_joint_committee_140
l10n_be_joint_committee_142,142,"Companies that Recycle Recovered Raw Materials",
l10n_be_joint_committee_142_01,142.01,"Metal Recovery",l10n_be_joint_committee_142
l10n_be_joint_committee_142_02,142.02,"Rag Recovery",l10n_be_joint_committee_142
l10n_be_joint_committee_142_03,142.03,"Paper Recovery",l10n_be_joint_committee_142
l10n_be_joint_committee_142_04,142.04,"Recovery of Various Products",l10n_be_joint_committee_142
l10n_be_joint_committee_143,143,"Sea Fishing",
l10n_be_joint_committee_144,144,"Agriculture",
l10n_be_joint_committee_145,145,"Horticultural Companies",
l10n_be_joint_committee_145_01,145.01,"Floriculture",l10n_be_joint_committee_145
l10n_be_joint_committee_145_02,145.02,"Viticulture",l10n_be_joint_committee_145
l10n_be_joint_committee_145_03,145.03,"Nurseries",l10n_be_joint_committee_145
l10n_be_joint_committee_145_04,145.04,"Planting And Maintenance Of Parks And Gardens",l10n_be_joint_committee_145
l10n_be_joint_committee_145_05,145.05,"Fructiculture",l10n_be_joint_committee_145
l10n_be_joint_committee_145_06,145.06,"Market Gardening",l10n_be_joint_committee_145
l10n_be_joint_committee_145_07,145.07,"Mushroom Cultivation",l10n_be_joint_committee_145
l10n_be_joint_committee_145_08,145.08,"Specific Sub-Committee",l10n_be_joint_committee_145
l10n_be_joint_committee_145_09,145.09,"Fruit Sorting",l10n_be_joint_committee_145
l10n_be_joint_committee_146,146,"Forestry Companies",
l10n_be_joint_committee_147,147,"Hand-Made Armory",
l10n_be_joint_committee_148,148,"Fur and Fur Skin",
l10n_be_joint_committee_149,149,"Sectors Related to Metal, Mechanical and Electrical Construction",
l10n_be_joint_committee_149_01,149.01,"Electricians: Installation and Distribution",l10n_be_joint_committee_149
l10n_be_joint_committee_149_02,149.02,"Bodywork",l10n_be_joint_committee_149
l10n_be_joint_committee_149_03,149.03,"Precious Metals",l10n_be_joint_committee_149
l10n_be_joint_committee_149_04,149.04,"Metal Trade",l10n_be_joint_committee_149
l10n_be_joint_committee_150,150,"Pottery",
l10n_be_joint_committee_152,152,"Subsidized Free Education Institutions",
l10n_be_joint_committee_152_01,152.01,"Subsidized Free Education Institutions of the Flemish Community",l10n_be_joint_committee_152
l10n_be_joint_committee_152_02,152.02,"Subsidized Free Education Institutions of the French and German-speaking Communities",l10n_be_joint_committee_152
l10n_be_joint_committee_200,200,"Auxiliary Joint Committee for Employees",
l10n_be_joint_committee_201,201,"Independent Retail Trade",
l10n_be_joint_committee_202,202,"Employees of Food Retail Trade",
l10n_be_joint_committee_202_01,202.01,"Medium-Sized Food Companies",l10n_be_joint_committee_202
l10n_be_joint_committee_203,203,"Employees of Bluestone Quarries",
l10n_be_joint_committee_205,205,"Employees of Coal Mines",
l10n_be_joint_committee_207,207,"Employees of the Chemical Industry",
l10n_be_joint_committee_209,209,"Employees of Metal Manufacturing",
l10n_be_joint_committee_210,210,"Employees of the Steel Industry",
l10n_be_joint_committee_211,211,"Petroleum Industry and Trade",
l10n_be_joint_committee_214,214,"Employees of the Textile Industry",
l10n_be_joint_committee_215,215,"Employees of the Clothing and Garment Industry",
l10n_be_joint_committee_216,216,"Employees of Notaries",
l10n_be_joint_committee_217,217,"Casino Employees",
l10n_be_joint_committee_219,219,"Technical Control and Conformity Assessment Services and Organizations",
l10n_be_joint_committee_220,220,"Employees of the Food Industry",
l10n_be_joint_committee_221,221,"Employees of the Paper Industry",
l10n_be_joint_committee_222,222,"Employees of Paper and Cardboard Processing",
l10n_be_joint_committee_223,223,"National Joint Committee for Sports",
l10n_be_joint_committee_224,224,"Employees of Non-Ferrous Metals",
l10n_be_joint_committee_225,225,"Employees of Subsidized Free Education Institutions",
l10n_be_joint_committee_225_01,225.01,"Employees of Subsidized Free Education Institutions of the Flemish Community",l10n_be_joint_committee_225
l10n_be_joint_committee_225_02,225.02,"Employees of Subsidized Free Education Institutions of the French and German-speaking Communities",l10n_be_joint_committee_225
l10n_be_joint_committee_225_03,225.03,"Employees of Free Universities Subsidized by the Flemish Community (not established, as the chairman, vice-chairman and members have not been appointed)",l10n_be_joint_committee_225
l10n_be_joint_committee_225_04,225.04,"Employees of Free Universities Subsidized by the French Community (not established, as the chairman, vice-chairman and members have not been appointed)",l10n_be_joint_committee_225
l10n_be_joint_committee_226,226,"Employees of International Trade, Transport and Logistics",
l10n_be_joint_committee_227,227,"Audiovisual Sector",
l10n_be_joint_committee_300,300,"National Labour Council",
l10n_be_joint_committee_301,301,"Ports",
l10n_be_joint_committee_301_01,301.01,"Port of Antwerp, named 'Nationaal Paritair Comité der haven van Antwerpen'",l10n_be_joint_committee_301
l10n_be_joint_committee_301_02,301.02,"Port of Ghent",l10n_be_joint_committee_301
l10n_be_joint_committee_301_03,301.03,"Port of Brussels and Vilvoorde",l10n_be_joint_committee_301
l10n_be_joint_committee_301_04,301.04,"Ports Of Ostend And Nieuport",l10n_be_joint_committee_301
l10n_be_joint_committee_301_05,301.05,"Ports of Zeebrugge-Bruges, Ostend and Nieuwpoort",l10n_be_joint_committee_301
l10n_be_joint_committee_302,302,"Hotel Industry",
l10n_be_joint_committee_303,303,"Cinematography Industry",
l10n_be_joint_committee_303_01,303.01,"Film Production",l10n_be_joint_committee_303
l10n_be_joint_committee_303_03,303.03,"Operation of Cinemas",l10n_be_joint_committee_303
l10n_be_joint_committee_304,304,"Performing Arts",
l10n_be_joint_committee_306,306,"Insurance Companies",
l10n_be_joint_committee_307,307,"Insurance Brokerage and Agencies",
l10n_be_joint_committee_310,310,"Banks",
l10n_be_joint_committee_311,311,"Large Retail Companies",
l10n_be_joint_committee_312,312,"Department Stores",
l10n_be_joint_committee_313,313,"Pharmacies and Pricing Offices",
l10n_be_joint_committee_314,314,"Hairdressing and Beauty Care",
l10n_be_joint_committee_315,315,"Commercial Aviation",
l10n_be_joint_committee_315_01,315.01,"Technical Maintenance, Assistance and Training in the Aviation Sector",l10n_be_joint_committee_315
l10n_be_joint_committee_315_02,315.02,"Airlines",l10n_be_joint_committee_315
l10n_be_joint_committee_315_03,315.03,"Airport Management",l10n_be_joint_committee_315
l10n_be_joint_committee_316,316,"Merchant Navy",
l10n_be_joint_committee_317,317,"Guarding and/or Surveillance Services",
l10n_be_joint_committee_318,318,"Home Help and Senior Assistance Services",
l10n_be_joint_committee_318_01,318.01,"Home Help and Senior Assistance Services of the French Community, the Walloon Region and the German-speaking Community",l10n_be_joint_committee_318
l10n_be_joint_committee_318_02,318.02,"Home Help and Senior Assistance Services of the Flemish Community",l10n_be_joint_committee_318
l10n_be_joint_committee_319,319,"Education and Accommodation Establishments and Services",
l10n_be_joint_committee_319_01,319.01,"Education and Accommodation Establishments and Services of the Flemish Community",l10n_be_joint_committee_319
l10n_be_joint_committee_319_02,319.02,"Education and Accommodation Establishments and Services of the French Community, the Walloon Region and the German-speaking Community",l10n_be_joint_committee_319
l10n_be_joint_committee_320,320,"Funeral Homes",
l10n_be_joint_committee_321,321,"Wholesale Distributors of Medicines",
l10n_be_joint_committee_322,322,"Temporary Work and Licensed Companies providing Proximity Work or Services",
l10n_be_joint_committee_322_01,322.01,"Licensed Companies providing Proximity Work or Services",l10n_be_joint_committee_322
l10n_be_joint_committee_323,323,"Property Management, Real Estate Agents and Domestic Workers",
l10n_be_joint_committee_324,324,"Diamond Industry and Trade",
l10n_be_joint_committee_325,325,"Public Credit Institutions",
l10n_be_joint_committee_326,326,"Gas and Electricity Industry",
l10n_be_joint_committee_327,327,"Adapted Work Companies, Social Workshops and 'Maatwerkbedrijven'",
l10n_be_joint_committee_327_01,327.01,"Flemish Sector of Adapted Work Companies, Social Workshops and 'Maatwerkbedrijven'",l10n_be_joint_committee_327
l10n_be_joint_committee_327_02,327.02,"Adapted Work Companies Subsidized by the French Community Commission",l10n_be_joint_committee_327
l10n_be_joint_committee_327_03,327.03,"Adapted Work Companies of the Walloon Region and the German-speaking Community",l10n_be_joint_committee_327
l10n_be_joint_committee_328,328,"Urban and Regional Transport",
l10n_be_joint_committee_328_01,328.01,"Urban and Regional Transport of the Flemish Region",l10n_be_joint_committee_328
l10n_be_joint_committee_328_02,328.02,"Urban and Regional Transport of the Walloon Region",l10n_be_joint_committee_328
l10n_be_joint_committee_328_03,328.03,"Urban and Regional Transport of the Brussels-Capital Region",l10n_be_joint_committee_328
l10n_be_joint_committee_329,329,"Socio-Cultural Sector",
l10n_be_joint_committee_329_01,329.01,"Socio-Cultural Sector of the Flemish Community",l10n_be_joint_committee_329
l10n_be_joint_committee_329_02,329.02,"Socio-Cultural Sector of the French and German-speaking Communities and the Walloon Region",l10n_be_joint_committee_329
l10n_be_joint_committee_329_03,329.03,"Federal and Bi-community Socio-Cultural Organizations",l10n_be_joint_committee_329
l10n_be_joint_committee_330,330,"Health Establishments and Services",
l10n_be_joint_committee_330_01,330.01,"Federal Health Establishments and Services",l10n_be_joint_committee_330
l10n_be_joint_committee_330_01_10,330.01.10,"Private Hospitals and Psychiatric Nursing Homes",l10n_be_joint_committee_330_01
l10n_be_joint_committee_330_01_20,330.01.20,"Nursing Homes, Nursing and Care Homes, Service Residences, Day Care Centers, Day Centers for the Elderly",l10n_be_joint_committee_330_01
l10n_be_joint_committee_330_01_30,330.01.30,"Home Nursing Services",l10n_be_joint_committee_330_01
l10n_be_joint_committee_330_01_41,330.01.41,"Autonomous Rehabilitation Centers located in the Flemish Region or Dutch-speaking centers located in the Brussels-Capital Region",l10n_be_joint_committee_330_01
l10n_be_joint_committee_330_01_42,330.01.42,"Autonomous Rehabilitation Centers located in the Walloon Region or French-speaking centers located in the Brussels-Capital Region",l10n_be_joint_committee_330_01
l10n_be_joint_committee_330_01_51,330.01.51,"Protected Housing Initiatives located in the Flemish Region or Dutch-speaking ones located in the Brussels-Capital Region",l10n_be_joint_committee_330_01
l10n_be_joint_committee_330_01_52,330.01.52,"Protected Housing Initiatives located in the Walloon Region or French-speaking ones located in the Brussels Region",l10n_be_joint_committee_330_01
l10n_be_joint_committee_330_01_53,330.01.53,"Medical Homes located in the Flemish Region or Dutch-speaking ones located in the Brussels-Capital Region",l10n_be_joint_committee_330_01
l10n_be_joint_committee_330_01_54,330.01.54,"Medical Homes located in the Walloon Region or French-speaking ones located in the Brussels-Capital Region",l10n_be_joint_committee_330_01
l10n_be_joint_committee_330_01_55,330.01.55,"Blood Services of the Belgian Red Cross",l10n_be_joint_committee_330_01
l10n_be_joint_committee_330_02,330.02,"Bi-community Health Establishments and Services recognized by the Common Community Commission",l10n_be_joint_committee_330
l10n_be_joint_committee_330_03,330.03,"Dental Prosthesis Establishments",l10n_be_joint_committee_330
l10n_be_joint_committee_330_04,330.04,"Other Health Establishments and Services not included in the federal social agreement and excluding bi-community and dental prosthesis services. This includes, among others, emergency medical services, companies in the independent patient transport sector, general practitioner and/or specialist doctors' offices, physiotherapists' offices, dentists' offices, pediatric medical centers, other paramedical offices, mental health platform, polyclinics, continuous and palliative home care, external prevention and protection at work services, laboratories, medical control services",l10n_be_joint_committee_330
l10n_be_joint_committee_331,331,"Flemish Social Welfare and Health Sector",
l10n_be_joint_committee_331_00_10,331.00.10,"Child Care, Nurseries, Toddler Gardens, Home Child Care Services, Home Care Services for Sick Children, After-School Care",l10n_be_joint_committee_331
l10n_be_joint_committee_331_00_20,331.00.20,"Family Planning Centers, Telephone Support Centers, Social Volunteer Organizations, Anti-Drug Addiction Services (without rehabilitation), Marriage Counselling Centers, Prenatal Consultation Centers, Consultation Offices for Young Children, Trust Centers for Abused Children, Adoption Services, Development Disorder Centers, Consultation Centers for Disabled Care, Cooperation Initiatives for Home Care, Mental Health Centers, Health Promotion and Prevention Services and Centers",l10n_be_joint_committee_331
l10n_be_joint_committee_332,332,"French and German-speaking Social Welfare and Health Sector",
l10n_be_joint_committee_332_00_10,332.00.10,"Child Care Facilities, After-School Care, Crèches, Parental Crèches, Care for Sick Children, Municipal Child Care Homes, Children's Homes, Occasional Child Care Facilities, Regular Child Care Facilities with Flexible Hours, Emergency Child Care Facilities, Drop-in Day Care Centers, Farandolines, Day Care Stops, Pre-school, Contracted Child Care Services",l10n_be_joint_committee_332
l10n_be_joint_committee_332_00_20,332.00.20,"Legal Aid Services, Aid Services for Detainees, Cocof-approved General Social Action Centers, Local Health Promotion Centers, RW-approved Social Service Centers, Home Care and Services Coordination Centers, Mutual Aid Services, Health Prevention and Education Services, Family Planning Centers, Health Centers and School Health Promotion Services, Community Health Promotion Services, Mental Health Centers, SOS Children's Teams, Social Services, Telephone Support Centers, Anti-Drug Addiction and Substance Abuse Prevention Services, Adoption Organizations, Victim Aid, Meeting Spaces, Telecare Services",l10n_be_joint_committee_332
l10n_be_joint_committee_333,333,"Tourist Attractions",
l10n_be_joint_committee_334,334,"Public Lotteries (not established, as the chairman, vice-chairman and members have not been appointed)",
l10n_be_joint_committee_335,335,"Service and Support to Businesses and Self-employed (not established, as the chairman, vice-chairman and members have not been appointed)",
l10n_be_joint_committee_336,336,"Liberal Professions",
l10n_be_joint_committee_337,337,"Auxiliary Joint Committee for the Non-Profit Sector",
l10n_be_joint_committee_339,339,"Licensed Social Housing Companies",
l10n_be_joint_committee_339_01,339.01,"Licensed Social Housing Companies of the Flemish Region",l10n_be_joint_committee_339
l10n_be_joint_committee_339_02,339.02,"Licensed Social Housing Companies of the Walloon Region",l10n_be_joint_committee_339
l10n_be_joint_committee_339_03,339.03,"Licensed Social Housing Companies of the Brussels-Capital Region",l10n_be_joint_committee_339
l10n_be_joint_committee_340,340,"Orthopedic Technologies",
l10n_be_joint_committee_341,341,"Intermediation in Banking and Investment Services",
l10n_be_joint_committee_999,999,"Company Executive",
