id,egov3_code,dmfa_code,name,description,employee_type_ids/id
l10n_be_worker_code_00000,00000,000,Not subject to ONSS,Worker not subject to ONSS (no DmfA declaration).,
l10n_be_worker_code_00010,00010,010,Seasonal worker,"Temporary workers in horticulture and agriculture (employers registered under categories 194, 494, 594, 193, 293, 097 and 497).","hr.contract_type_seasonal,l10n_be_hr_payroll.l10n_be_contract_type_be_worker"
l10n_be_worker_code_00011,00011,011,Flat-rate paid worker,"Special category workers to be declared on the basis of flat-rate wages by employers registered under categories 017, 019, 066, 097, 317, 323, 497, 562 and 662 and apprentices in this category from the year they turn 19.",hr.contract_type_seasonal
l10n_be_worker_code_00012,00012,012,Sheltered workshop worker,"Manual worker without wage moderation employed in a licensed sheltered workshop or in a 'maatwerkbedrijf' (tailor-made company) registered under category 073, 173, 273, 373, 373 or 673 and apprentices in this category from the year they turn 19.",l10n_be_hr_payroll.l10n_be_contract_type_be_worker
l10n_be_worker_code_00013,00013,013,Taxi driver,a) Taxi drivers assigned to passenger transport employed by employers registered under category 068 (wage moderation contribution not due) and apprentices in this category from the year they turn 19. b) Contractual workers not subject to the salaried annual leave scheme employed by an employer in category 040.,l10n_be_hr_payroll.l10n_be_contract_type_be_worker
l10n_be_worker_code_00015,00015,015,Ordinary manual worker,"Ordinary category workers and apprentices in this category from the year they turn 19: a) to be declared on the basis of actual wages by employers registered under categories 017, 019, 068 or 562 (wage moderation contribution due); b) non-officers declared by employers registered under categories 105, 205, 305, 405 and 505; c) all other workers not mentioned elsewhere.","hr.contract_type_seasonal,l10n_be_hr_payroll.l10n_be_contract_type_be_worker,hr.contract_type_apprenticeship"
l10n_be_worker_code_00016,00016,016,Surface miner,Surface miner and apprentices in this category from the year they turn 19.,l10n_be_hr_payroll.l10n_be_contract_type_be_worker
l10n_be_worker_code_00017,00017,017,Underground miner,Underground miner and apprentices in this category from the year they turn 19.,l10n_be_hr_payroll.l10n_be_contract_type_be_worker
l10n_be_worker_code_00020,00020,020,Occasional student,"Occasional special category student workers (see code 011 in categories 317, 097 and 497) until December 31 of the year they turn 18.",hr.contract_type_seasonal
l10n_be_worker_code_00021,00021,021,Career break replacement worker,Contractual workers - manual workers hired in the public sector to replace contractual or statutory workers on career break according to the provisions of the recovery law of 22 January 1985 or to replace workers who reduce their working hours by 1/5th with a compensatory bonus within the framework of work redistribution in the public sector.,l10n_be_hr_payroll.l10n_be_contract_type_be_worker
l10n_be_worker_code_00022,00022,022,Occasional apprentice under 18,Special category apprentice workers until December 31 of the year they turn 18.,hr.contract_type_seasonal
l10n_be_worker_code_00024,00024,024,Subsidized contractual worker,"Subsidized contractuals, manual workers declared on the basis of actual remuneration (see code 015 point b))",l10n_be_hr_payroll.l10n_be_contract_type_be_worker
l10n_be_worker_code_00025,00025,025,Subsidized contractual sheltered workshop worker,"Subsidized contractuals, manual workers without wage moderation employed in a licensed sheltered workshop or a 'maatwerkbedrijf' (tailor-made company) registered under category 073, 173, 273, 373, 473 or 673.",l10n_be_hr_payroll.l10n_be_contract_type_be_worker
l10n_be_worker_code_00027,00027,027,Ordinary student/trainee,Ordinary category student workers and trainees (see code 015) until December 31 of the year they turn 18.,hr.contract_type_seasonal
l10n_be_worker_code_00029,00029,029,Subsidized contractual flat-rate worker,"Subsidized contractuals, manual workers declared on the basis of a flat-rate remuneration employed by public authorities and other assimilated establishments, associations and companies.",l10n_be_hr_payroll.l10n_be_contract_type_be_worker
l10n_be_worker_code_00035,00035,035,Apprentice manual worker under 18,Apprentices and assimilated manual workers until December 31 of the year they turn 18.,hr.contract_type_apprenticeship
l10n_be_worker_code_00043,00043,043,Domestic staff,"Household staff, manual workers, declared by employers registered under categories 039, 094, 193, 099 and 299.",l10n_be_hr_payroll.l10n_be_contract_type_be_worker
l10n_be_worker_code_00044,00044,044,Domestic staff (student),"Household staff, student workers (see code 043) until December 31 of the year they turn 18.",l10n_be_hr_payroll.l10n_be_contract_type_be_worker
l10n_be_worker_code_00045,00045,045,Domestic worker,Domestic workers declared by employers registered under category 037 or 437.,l10n_be_hr_payroll.l10n_be_contract_type_be_worker
l10n_be_worker_code_00046,00046,046,Artist,Artists and apprentices in this category from the year they turn 19.,l10n_be_hr_payroll.l10n_be_contract_type_be_worker
l10n_be_worker_code_00047,00047,047,Artist student,Artists - Part-time students until December 31 of the year they turn 18.,l10n_be_hr_payroll.l10n_be_contract_type_be_worker
l10n_be_worker_code_00050,00050,050,Flexi-job manual worker,Manual workers employed under a flexi-job contract.,l10n_be_hr_payroll.l10n_be_contract_type_flexi_worker
l10n_be_worker_code_00090,00090,090,CPAS manual worker (Art.60),Manual workers hired under art. 60 § 7 of the organic law of CPAS (Public Centers for Social Action) of 8 July 1976.,l10n_be_hr_payroll.l10n_be_contract_type_be_worker
l10n_be_worker_code_00400,00400,400,CPAS employee (Art.60),Intellectual workers hired under art. 60 § 7 of the organic law of CPAS (Public Centers for Social Action) of 8 July 1976.,hr.contract_type_employee
l10n_be_worker_code_00401,00401,401,Casino employee,Casino employees.,hr.contract_type_employee
l10n_be_worker_code_00404,00404,404,Unprotected local representative,Unprotected local representatives.,hr.contract_type_employee
l10n_be_worker_code_00405,00405,405,Protected local representative,Protected local representatives.,hr.contract_type_employee
l10n_be_worker_code_00406,00406,406,Member of parliament,Member of a federal or regional parliament.,hr.contract_type_employee
l10n_be_worker_code_00407,00407,407,Member of government,Member of a federal or regional government.,hr.contract_type_employee
l10n_be_worker_code_00439,00439,439,Apprentice employee,Apprentices and assimilated intellectual workers until December 31 of the year they turn 18.,hr.contract_type_apprenticeship
l10n_be_worker_code_00450,00450,450,Flexi-job employee,Intellectual workers employed under a flexi-job contract.,l10n_be_hr_payroll.l10n_be_contract_type_flexi_employee
l10n_be_worker_code_00454,00454,454,Paid athlete,From the year they turn 19: Paid athletes under Joint Committee 329.,hr.contract_type_employee
l10n_be_worker_code_00481,00481,481,Career break replacement employee,Contractual workers - employees hired in the public sector to replace contractual or statutory workers on career break according to the provisions of the recovery law of 22 January 1985 or to replace workers who reduce their working hours by 1/5th with a compensatory bonus within the framework of work redistribution in the public sector.,hr.contract_type_seasonal
l10n_be_worker_code_00484,00484,484,Subsidized contractual employee,"Subsidized contractuals, intellectual workers employed by public authorities and other assimilated establishments, associations and companies.",hr.contract_type_employee
l10n_be_worker_code_00485,00485,485,Subsidized contractual sheltered workshop employee,"Subsidized contractuals, manual workers without wage moderation employed in a licensed sheltered workshop or a 'maatwerkbedrijf' (tailor-made company) registered under category 073, 173, 273, 373, 473 or 673.",l10n_be_hr_payroll.l10n_be_contract_type_be_worker
l10n_be_worker_code_00486,00486,486,Flat-rate paid student,"Occasional student employees to be declared on the basis of flat-rate wages by employers registered under categories 317, 097 and 497.",hr.contract_type_student
l10n_be_worker_code_00487,00487,487,Student/foreign worker,"Students a) Employees and trainees until December 31 of the year they turn 18. b) Workers, until December 31 of the year they turn 18, regardless of their activity, who are not covered by Belgian labour legislation, to be declared by employers with employer category 212.",hr.contract_type_seasonal
l10n_be_worker_code_00488,00488,488,(Post)doctoral scholarship holder (Fedris),Recipients of a (post)doctoral scholarship granted by an employer cited in art. 3bis or 15 of the Royal Decree of 28/11/1969 (Fedris contributions due).,hr.contract_type_employee
l10n_be_worker_code_00489,00489,489,(Post)doctoral scholarship holder outside EU (no paid leave),Recipients of a (post)doctoral scholarship from a country outside the European Economic Area that does not have agreements with Belgium and are not subject to the private sector annual leave scheme.,hr.contract_type_employee
l10n_be_worker_code_00491,00491,491,Free university staff,Non-administrative and technical staff of free universities subject to all social security schemes.,hr.contract_type_employee
l10n_be_worker_code_00492,00492,492,Sheltered workshop employee,"Employees without wage moderation employed in a licensed sheltered workshop or a 'maatwerkbedrijf' (tailor-made company) registered under category 073, 173, 273, 373, 373 or 673 and apprentices in this category from the year they turn 19.",hr.contract_type_employee
l10n_be_worker_code_00493,00493,493,University academic staff,"Academic and scientific staff of universities registered under categories 175, 396 and 075. Contractuals not subject to the salaried annual leave scheme in categories 040 and 075.",hr.contract_type_employee
l10n_be_worker_code_00494,00494,494,Paid athlete in the public sector,From the year they turn 19: Paid athletes under Joint Committees 223 or 200 or in the public sector.,
l10n_be_worker_code_00495,00495,495,Ordinary employee,"Employees and apprentices in this category from the year they turn 19: a) Ordinary category employees; b) Paid athletes, limited to football coaches and referees, declared by employers registered under categories 070 or 076; c) Officers declared by employers registered under categories 105, 205, 305, 405 and 505; d) Workers, regardless of their activity, who are not covered by Belgian labor legislation, to be declared by employers with employer category 212.","hr.contract_type_employee,hr.contract_type_apprenticeship,hr.contract_type_seasonal"
l10n_be_worker_code_00496,00496,496,Occasional flat-rate paid employee,"Occasional employees declared on the basis of flat-rate wages by employers registered under categories 317, 097 and 497.","hr.contract_type_seasonal,hr.contract_type_student"
l10n_be_worker_code_00497,00497,497,Licensed childminder,Licensed childminders.,hr.contract_type_employee
l10n_be_worker_code_00498,00498,498,(Post)doctoral scholarship holder outside EU (with paid leave),Recipients of a (post)doctoral scholarship from a country outside the European Economic Area that does not have agreements with Belgium and are subject to the private sector annual leave scheme.,hr.contract_type_employee
l10n_be_worker_code_00673,00673,673,Public service representative,Representatives or staff members in public services.,hr.contract_type_employee
l10n_be_worker_code_00675,00675,675,Health care insurance only,Workers subject only to Health Care insurance.,hr.contract_type_employee
l10n_be_worker_code_00676,00676,676,Statutory worker assigned abroad,Statutory workers with a place of assignment abroad.,hr.contract_type_employee
l10n_be_worker_code_00677,00677,677,Trainee for permanent appointment,Trainees for permanent appointment with the private sector leave scheme at a provincial or local administration.,hr.contract_type_intern
l10n_be_worker_code_00690,00690,690,Permanent doctor (no ONSS),"Permanent doctors exempt from social security contributions based on art. 1, § 3 of the law of 27.6.1969 and who, based on art. 158 of the hospital law of 10-07-2008, are entitled to a public pension.",hr.contract_type_employee
l10n_be_worker_code_00840,00840,840,Student manual worker,Student workers (manual) for whom the solidarity contribution for students employed under a student employment contract is due.,hr.contract_type_student
l10n_be_worker_code_00841,00841,841,Student employee,Student workers (intellectual) for whom the solidarity contribution for students employed under a student employment contract is due.,hr.contract_type_student
l10n_be_worker_code_00879,00879,879,Former employee in bridging pension with company supplement,Worker in a bridging pension scheme (RCC) for whom a special contribution is due.,
l10n_be_worker_code_00883,00883,883,Dismissed worker with supplementary indemnity,Dismissed workers for whom a contribution on supplementary indemnities is due.,
l10n_be_worker_code_00885,00885,885,Worker on career break with supplementary indemnity,Workers on career break for whom a contribution on supplementary indemnities is due.,
l10n_be_worker_code_00848,00848,848,Manual worker trainee in training (no ONSS),Workers who perform work in Belgium as part of a training program for paid employment but who are not subject to the Belgian social security system.,hr.contract_type_intern
l10n_be_worker_code_00849,00849,849,Employee trainee in training (no ONSS),Employees who perform work in Belgium as part of a training program for paid employment but who are not subject to the Belgian social security system.,hr.contract_type_intern
