id,egov3_code,dmfa_code,name,description,color
l10n_be_reorganisation_measure_001,001,1,"Work Redistribution Plan","Work time reduction measure within the framework of a work redistribution plan approved by the Minister of Employment and Labour",3
l10n_be_reorganisation_measure_002,002,2,"CLA 42 New Work Regimes","Systems provided for by the CBA No. 42 of 12 June 1987 on the introduction of new work schedules in companies. Hansenne experiments (R.D. 179 of 30/12/1982) are not included.",2
l10n_be_reorganisation_measure_009_3,009,3,"Complete Career Break (ONEm/WSE)","Complete interruption of professional career (only systems where an intervention by the ONEm or WSE (FL) is foreseen)",1
l10n_be_reorganisation_measure_009_4,009,4,"Partial Career Break (ONEm/WSE)","Partial interruption of professional career (only systems where an intervention by the ONEm or WSE (FL) is foreseen)",11
l10n_be_reorganisation_measure_005_5,000,5,"Adapted work with loss of remuneration","Adapted work with loss of remuneration, that is to say when the worker provides actual work services for which he receives reduced remuneration compared to that which he would normally have received (for example, returning to work after an illness with the authorization of the medical advisor); this applies both to the reduction of the hourly remuneration and to the reduction of the number of days (or hours) to be worked as well as when the combination of the two;",10
l10n_be_reorganisation_measure_007,007,7,"Public Sector / 4-Day Week (Contractual)","Reduction of working hours in the public sector in application of the law of 10 April 1995 (voluntary four-day week, early part-time retirement). Four-day week with or without a bonus (law of 19 July 2012) for contractual workers.",9
l10n_be_reorganisation_measure_008,008,8,"Unpaid Partial Absence (Contractual)","Leave for temporary part-time work for contractual workers in the public sector - unpaid partial absence; this should exclusively include systems for which no intervention by the ONEM or WSE (Flemish Region) is foreseen",8
l10n_be_reorganisation_measure_501,501,501,"Active Service Assimilation (Other Pay)","Absence (total or partial) assimilated to service activity or active service with remuneration other than the activity salary",7
l10n_be_reorganisation_measure_502,502,502,"Active Service Assimilation (Unpaid)","Absence (total or partial) assimilated to service activity and unpaid",6
l10n_be_reorganisation_measure_503,503,503,"Pre-retirement (Waiting Pay)","Absence (total or partial) assimilated to service activity, prior to retirement with waiting allowance",5
l10n_be_reorganisation_measure_504,504,504,"Parental Leave","Parental leave (total or partial absence)",4
l10n_be_reorganisation_measure_505,505,505,"Unpaid Leave (Prof. Activity)","Unpaid absence assimilated to service activity for the purpose of exercising a professional activity (internship, interim in education, mission, mandate, ...)",3
l10n_be_reorganisation_measure_506,506,506,"Personal Reasons / 4-Day Week (Statutory)","Prestations (partiellement) réduites pour convenances personnelles, ou toute forme de congé ou d'absence, totale ou partielle pour laquelle l'ajout à la liste annexée à la loi du 6 janvier 2014 est requis, et aussi longtemps que cet ajout n’a pas été fait, ou semaine de quatre jours sans prime (loi du 19 juillet 2012) pour les travailleurs statutaires.",2
l10n_be_reorganisation_measure_507,507,507,"Availability (Advancement Rights)","Availability (total or partial) with waiting allowance and maintaining the right to salary advancement",1
l10n_be_reorganisation_measure_508,508,508,"Availability (No Advancement)","Availability (total or partial) with waiting allowance and loss of the right to salary advancement",11
l10n_be_reorganisation_measure_509,509,509,"Pre-retirement Availability","Availability (total or partial) prior to retirement with waiting allowance",10
l10n_be_reorganisation_measure_510,510,510,"Unpaid Non-Activity / Military / Political","Unpaid absence (total or partial) with non-activity status, or availability without waiting allowance, or any form of unpaid non-activity for military personnel, or any form of unpaid absence or leave for a local political representative",9
l10n_be_reorganisation_measure_511,511,511,"Paid Non-Activity / Military Unauthorized","Paid absence (total or partial) with non-activity status or voluntary availability with professional activity without authorization for military personnel",8
l10n_be_reorganisation_measure_512,512,512,"Unpaid Leave (Non-Activity)","Leave without pay with non-activity status",7
l10n_be_reorganisation_measure_513,513,513,"General Interest Mission (Mgmt)","Official leave for a mission of general interest for the purpose of temporarily or provisionally exercising a management or supervisory function in a public service",6
l10n_be_reorganisation_measure_514,514,514,"4-Day Week (Bonus) or 50/55+ Part-Time","Four-day week with a bonus or part-time work from age 50 or 55 (law of 19 July 2012) for statutory workers.",5
l10n_be_reorganisation_measure_515,515,515,"4-Day Week (Bonus) or 50/55+ Part-Time","Leave or exemption from service granted to a member of the teaching staff for the purpose of temporarily or provisionally exercising another function in non-university education of the same Community.",4
l10n_be_reorganisation_measure_516,516,516,"4-Day Week (Bonus) or 50/55+ Part-Time","Complete absence, assimilated to non-activity prior to pension and with a waiting allowance (operational police personnel).",3
l10n_be_reorganisation_measure_517,517,517,"Disciplinary Suspension (Local Rep)","Disciplinary suspension of a local representative",2
l10n_be_reorganisation_measure_520,520,520,"Phased Return to Work","Absence treated as active service with remuneration other than active pay: period of professional reintegration with part-time pay following illness",1
l10n_be_reorganisation_measure_522,522,522,"Statutory Breastfeeding Leave","Absence treated as active service with remuneration other than active pay: breastfeeding leave based on specific legislation",11
l10n_be_reorganisation_measure_523,523,523,"Precautionary Suspension","Absence treated as active service with remuneration other than active pay: preventive disciplinary suspension pending a decision",10
l10n_be_reorganisation_measure_531,531,531,"Availability / Job Loss (Education)","Availability (total or partial) due to lack of employment without waiting allowance (education)",9
l10n_be_reorganisation_measure_541,541,541,"Military Career Break (RTEIC-R)","Temporary withdrawal from employment through career interruption (military - RTEIC-R), or career interruption with an allowance paid by the employer",8
l10n_be_reorganisation_measure_542,542,542,"Military Health Withdrawal","Temporary withdrawal from employment for health reasons (military)",7
l10n_be_reorganisation_measure_543,543,543,"Military Disciplinary Withdrawal","Temporary withdrawal from employment by disciplinary measure or any other period of paid non-activity (military)",6
l10n_be_reorganisation_measure_544,544,544,"Care Leave (Employer Paid)","Leave or career interruption for palliative care, parental protection leave or career interruption for parental leave, leave or career interruption for caring for a seriously ill relative, with an allowance paid by the employer",5
l10n_be_reorganisation_measure_545,545,545,"Military Automatic Availability","Automatic availability (military)",4
l10n_be_reorganisation_measure_546,546,546,"Military Voluntary Availability","Voluntary availability (military)",3
l10n_be_reorganisation_measure_551,551,551,"Unpaid Care Leave","Unpaid absence treated as active service, for care-related grounds.",2
l10n_be_reorganisation_measure_552,552,552,"Unpaid Leave (No Care)","Unpaid absence treated as active service, without care-related grounds.",1
l10n_be_reorganisation_measure_553,553,553,"Unpaid Care Leave (Art. 16)","Unpaid absence treated as active service, for care-related grounds (Art. 16, Law of 06/01/2014).",11
l10n_be_reorganisation_measure_554,554,554,"Unpaid Leave (Art. 16)","Unpaid absence treated as active service, without care-related grounds (Art. 16, Law of 06/01/2014).",10
l10n_be_reorganisation_measure_567,567,567,"Medical Leave (With Seniority)","Unattached status with waiting allowance, maintaining seniority rights - medical grounds.",9
l10n_be_reorganisation_measure_568,568,568,"Non-Medical Leave (With Seniority)","Unattached status with waiting allowance, maintaining seniority rights - non-medical grounds.",8
l10n_be_reorganisation_measure_578,578,578,"Medical Leave (No Seniority)","Unattached status with waiting allowance, loss of seniority rights - medical grounds.",7
l10n_be_reorganisation_measure_579,579,579,"Non-Medical Leave (No Seniority)","Unattached status with waiting allowance, loss of seniority rights - non-medical grounds.",6
l10n_be_reorganisation_measure_584,584,584,"Senior Care Scheme (Statutory)","4-day week or half-time work (age 50/55+) with bonus, statutory staff, for care-related grounds.",5
l10n_be_reorganisation_measure_585,585,585,"Senior Part-time (Statutory)","4-day week or half-time work (age 50/55+) with bonus, statutory staff, without care-related grounds.",4
l10n_be_reorganisation_measure_701,701,701,"Reduced Hours Care (Contract)","Reduced working hours or 4-day week (with/without bonus), contractual staff, for care-related grounds.",3
l10n_be_reorganisation_measure_702,702,702,"Reduced Hours (Contractual)","Reduced working hours or 4-day week (with/without bonus), contractual staff, without care-related grounds.",2
