id,name,model_id,group_id/id,operation,domain
own_transaction_rule,Admin transactions,equity.transaction,base.group_system,crud,
all_transaction_rule,All transaction,equity.transaction,equity.group_equity_manager,cru,
all_transaction_rule_1,All transaction,equity.transaction,equity.group_equity_viewer,r,
own_transaction_rule_1,Own transaction,equity.transaction,base.group_portal,r,"['|', ('seller_id', '=', user.partner_id.id), ('subscriber_id', '=', user.partner_id.id)]"
own_transaction_rule_2,Own transaction,equity.transaction,base.group_user,r,"['|', ('seller_id', '=', user.partner_id.id), ('subscriber_id', '=', user.partner_id.id)]"
transaction_company_rule,Company transaction,equity.transaction,,crud,"['|', ('company_id', 'parent_of', company_ids), ('company_id', '=', False)]"
access_equity_security_class_admin,equity.security.class.admin,equity.security.class,base.group_system,crud,
access_equity_security_class_manager,equity.security.class.manager,equity.security.class,equity.group_equity_manager,cru,
access_equity_security_class_viewer,equity.security.class.viewer,equity.security.class,equity.group_equity_viewer,r,
access_equity_valuation_admin,equity.valuation.admin,equity.valuation,base.group_system,crud,
access_equity_valuation_manager,equity.valuation.manager,equity.valuation,equity.group_equity_manager,cru,
access_equity_valuation_viewer,equity.valuation.viewer,equity.valuation,equity.group_equity_viewer,r,
valuation_company_rule,Company valuation,equity.valuation,,crud,"['|', ('company_id', 'parent_of', company_ids), ('company_id', '=', False)]"
access_equity_ubo_manager,equity.ubo.manager,equity.ubo,equity.group_equity_manager,crud,
access_equity_ubo_viewer,equity.ubo.viewer,equity.ubo,equity.group_equity_viewer,r,
ubo_company_rule,Company UBO,equity.ubo,,crud,"['|', ('company_id', 'parent_of', company_ids), ('company_id', '=', False)]"
access_equity_cap_table_viewer,equity.cap.table.viewer,equity.cap.table,equity.group_equity_viewer,r,
cap_table_company_rule,Company cap table,equity.cap.table,,crud,"['|', ('company_id', 'parent_of', company_ids), ('company_id', '=', False)]"
access_equity_mail_compose_message,equity.mail.compose.message,equity.mail.compose.message,equity.group_equity_viewer,cru,
